{"frames":{"1px":{"frame":{"x":252,"y":345,"w":1,"h":1},"rotated":false,"trimmed":false,"spriteSourceSize":{"x":0,"y":0,"w":1,"h":1},"sourceSize":{"w":1,"h":1}},"apple":{"frame":{"x":352,"y":357,"w":45,"h":45},"rotated":false,"trimmed":false,"spriteSourceSize":{"x":0,"y":0,"w":45,"h":45},"sourceSize":{"w":45,"h":45}},"apple_game_0":{"frame":{"x":331,"y":528,"w":60,"h":60},"rotated":false,"trimmed":false,"spriteSourceSize":{"x":0,"y":0,"w":60,"h":60},"sourceSize":{"w":60,"h":60}},"apple_game_1":{"frame":{"x":191,"y":322,"w":60,"h":60},"rotated":false,"trimmed":false,"spriteSourceSize":{"x":0,"y":0,"w":60,"h":60},"sourceSize":{"w":60,"h":60}},"best":{"frame":{"x":352,"y":131,"w":128,"h":134},"rotated":false,"trimmed":false,"spriteSourceSize":{"x":0,"y":0,"w":128,"h":134},"sourceSize":{"w":128,"h":134}},"breaker":{"frame":{"x":483,"y":593,"w":250,"h":2},"rotated":false,"trimmed":false,"spriteSourceSize":{"x":0,"y":0,"w":250,"h":2},"sourceSize":{"w":250,"h":2}},"bt_gb":{"frame":{"x":483,"y":506,"w":300,"h":86},"rotated":false,"trimmed":false,"spriteSourceSize":{"x":0,"y":0,"w":300,"h":86},"sourceSize":{"w":300,"h":86}},"bt_long":{"frame":{"x":0,"y":322,"w":190,"h":60},"rotated":false,"trimmed":false,"spriteSourceSize":{"x":0,"y":0,"w":190,"h":60},"sourceSize":{"w":190,"h":60}},"bt_long_green":{"frame":{"x":483,"y":301,"w":190,"h":60},"rotated":false,"trimmed":false,"spriteSourceSize":{"x":0,"y":0,"w":190,"h":60},"sourceSize":{"w":190,"h":60}},"bt_long_red":{"frame":{"x":0,"y":0,"w":190,"h":60},"rotated":false,"trimmed":false,"spriteSourceSize":{"x":0,"y":0,"w":190,"h":60},"sourceSize":{"w":190,"h":60}},"bt_sword":{"frame":{"x":483,"y":596,"w":69,"h":69},"rotated":false,"trimmed":false,"spriteSourceSize":{"x":0,"y":0,"w":69,"h":69},"sourceSize":{"w":69,"h":69}},"hl_blue":{"frame":{"x":0,"y":638,"w":380,"h":42},"rotated":false,"trimmed":false,"spriteSourceSize":{"x":0,"y":0,"w":380,"h":42},"sourceSize":{"w":380,"h":42}},"hl_orange":{"frame":{"x":0,"y":485,"w":380,"h":42},"rotated":false,"trimmed":false,"spriteSourceSize":{"x":0,"y":0,"w":380,"h":42},"sourceSize":{"w":380,"h":42}},"icons_0":{"frame":{"x":422,"y":485,"w":40,"h":40},"rotated":false,"trimmed":false,"spriteSourceSize":{"x":0,"y":0,"w":40,"h":40},"sourceSize":{"w":40,"h":40}},"icons_1":{"frame":{"x":372,"y":589,"w":40,"h":40},"rotated":false,"trimmed":false,"spriteSourceSize":{"x":0,"y":0,"w":40,"h":40},"sourceSize":{"w":40,"h":40}},"icons_2":{"frame":{"x":381,"y":485,"w":40,"h":40},"rotated":false,"trimmed":false,"spriteSourceSize":{"x":0,"y":0,"w":40,"h":40},"sourceSize":{"w":40,"h":40}},"logo1":{"frame":{"x":0,"y":528,"w":330,"h":109},"rotated":false,"trimmed":false,"spriteSourceSize":{"x":0,"y":0,"w":330,"h":109},"sourceSize":{"w":330,"h":109}},"logo2":{"frame":{"x":0,"y":383,"w":330,"h":101},"rotated":false,"trimmed":false,"spriteSourceSize":{"x":0,"y":0,"w":330,"h":101},"sourceSize":{"w":330,"h":101}},"logo3":{"frame":{"x":483,"y":362,"w":330,"h":56},"rotated":false,"trimmed":false,"spriteSourceSize":{"x":0,"y":0,"w":330,"h":56},"sourceSize":{"w":330,"h":56}},"logo4":{"frame":{"x":352,"y":403,"w":113,"h":56},"rotated":false,"trimmed":false,"spriteSourceSize":{"x":0,"y":0,"w":113,"h":56},"sourceSize":{"w":113,"h":56}},"particles":{"frame":{"x":381,"y":638,"w":23,"h":23},"rotated":false,"trimmed":false,"spriteSourceSize":{"x":0,"y":0,"w":23,"h":23},"sourceSize":{"w":23,"h":23}},"play":{"frame":{"x":483,"y":419,"w":200,"h":86},"rotated":false,"trimmed":false,"spriteSourceSize":{"x":0,"y":0,"w":200,"h":86},"sourceSize":{"w":200,"h":86}},"result_bg":{"frame":{"x":483,"y":0,"w":410,"h":300},"rotated":false,"trimmed":false,"spriteSourceSize":{"x":0,"y":0,"w":410,"h":300},"sourceSize":{"w":410,"h":300}},"shine2":{"frame":{"x":0,"y":61,"w":260,"h":260},"rotated":false,"trimmed":false,"spriteSourceSize":{"x":0,"y":0,"w":260,"h":260},"sourceSize":{"w":260,"h":260}},"sound_0":{"frame":{"x":413,"y":589,"w":40,"h":40},"rotated":false,"trimmed":false,"spriteSourceSize":{"x":0,"y":0,"w":40,"h":40},"sourceSize":{"w":40,"h":40}},"sound_1":{"frame":{"x":331,"y":589,"w":40,"h":40},"rotated":false,"trimmed":false,"spriteSourceSize":{"x":0,"y":0,"w":40,"h":40},"sourceSize":{"w":40,"h":40}},"sword_bg_0":{"frame":{"x":261,"y":114,"w":90,"h":90},"rotated":false,"trimmed":false,"spriteSourceSize":{"x":0,"y":0,"w":90,"h":90},"sourceSize":{"w":90,"h":90}},"sword_bg_1":{"frame":{"x":261,"y":0,"w":90,"h":90},"rotated":false,"trimmed":false,"spriteSourceSize":{"x":0,"y":0,"w":90,"h":90},"sourceSize":{"w":90,"h":90}},"sword_bg_2":{"frame":{"x":352,"y":266,"w":90,"h":90},"rotated":false,"trimmed":false,"spriteSourceSize":{"x":0,"y":0,"w":90,"h":90},"sourceSize":{"w":90,"h":90}},"sword_bg_3":{"frame":{"x":261,"y":205,"w":90,"h":90},"rotated":false,"trimmed":false,"spriteSourceSize":{"x":0,"y":0,"w":90,"h":90},"sourceSize":{"w":90,"h":90}},"sword_icon":{"frame":{"x":392,"y":528,"w":50,"h":50},"rotated":false,"trimmed":false,"spriteSourceSize":{"x":0,"y":0,"w":50,"h":50},"sourceSize":{"w":50,"h":50}},"sword_page_0":{"frame":{"x":252,"y":322,"w":22,"h":22},"rotated":false,"trimmed":false,"spriteSourceSize":{"x":0,"y":0,"w":22,"h":22},"sourceSize":{"w":22,"h":22}},"sword_page_1":{"frame":{"x":261,"y":91,"w":22,"h":22},"rotated":false,"trimmed":false,"spriteSourceSize":{"x":0,"y":0,"w":22,"h":22},"sourceSize":{"w":22,"h":22}},"time":{"frame":{"x":352,"y":0,"w":130,"h":130},"rotated":false,"trimmed":false,"spriteSourceSize":{"x":0,"y":0,"w":130,"h":130},"sourceSize":{"w":130,"h":130}}},"meta":{"app":"https://www.leshylabs.com/apps/sstool/","version":"Leshy SpriteSheet Tool v0.8.4","image":"spritesheet.png","size":{"w":893,"h":680},"scale":1}}