{"frames": {

"achievement10000":
{
	"frame": {"x":2,"y":408,"w":164,"h":140},
	"rotated": false,
	"trimmed": true,
	"spriteSourceSize": {"x":0,"y":0,"w":168,"h":144},
	"sourceSize": {"w":168,"h":144}
},
"achievement10001":
{
	"frame": {"x":1706,"y":353,"w":168,"h":144},
	"rotated": false,
	"trimmed": false,
	"spriteSourceSize": {"x":0,"y":0,"w":168,"h":144},
	"sourceSize": {"w":168,"h":144}
},
"achievement20000":
{
	"frame": {"x":349,"y":404,"w":164,"h":143},
	"rotated": false,
	"trimmed": true,
	"spriteSourceSize": {"x":0,"y":0,"w":168,"h":147},
	"sourceSize": {"w":168,"h":147}
},
"achievement20001":
{
	"frame": {"x":692,"y":349,"w":168,"h":147},
	"rotated": false,
	"trimmed": false,
	"spriteSourceSize": {"x":0,"y":0,"w":168,"h":147},
	"sourceSize": {"w":168,"h":147}
},
"achievement30000":
{
	"frame": {"x":1477,"y":95,"w":196,"h":162},
	"rotated": false,
	"trimmed": false,
	"spriteSourceSize": {"x":0,"y":0,"w":196,"h":162},
	"sourceSize": {"w":196,"h":162}
},
"achievement30001":
{
	"frame": {"x":1675,"y":95,"w":196,"h":162},
	"rotated": false,
	"trimmed": false,
	"spriteSourceSize": {"x":0,"y":0,"w":196,"h":162},
	"sourceSize": {"w":196,"h":162}
},
"achievement40000":
{
	"frame": {"x":1876,"y":495,"w":164,"h":135},
	"rotated": false,
	"trimmed": true,
	"spriteSourceSize": {"x":0,"y":0,"w":168,"h":140},
	"sourceSize": {"w":168,"h":140}
},
"achievement40001":
{
	"frame": {"x":1876,"y":353,"w":168,"h":140},
	"rotated": false,
	"trimmed": false,
	"spriteSourceSize": {"x":0,"y":0,"w":168,"h":140},
	"sourceSize": {"w":168,"h":140}
},
"achievement50000":
{
	"frame": {"x":1036,"y":101,"w":196,"h":162},
	"rotated": false,
	"trimmed": false,
	"spriteSourceSize": {"x":0,"y":0,"w":196,"h":162},
	"sourceSize": {"w":196,"h":162}
},
"achievement50001":
{
	"frame": {"x":1234,"y":101,"w":196,"h":162},
	"rotated": false,
	"trimmed": false,
	"spriteSourceSize": {"x":0,"y":0,"w":196,"h":162},
	"sourceSize": {"w":196,"h":162}
},
"achievement60000":
{
	"frame": {"x":1378,"y":369,"w":169,"h":141},
	"rotated": false,
	"trimmed": true,
	"spriteSourceSize": {"x":0,"y":0,"w":174,"h":145},
	"sourceSize": {"w":174,"h":145}
},
"achievement60001":
{
	"frame": {"x":1202,"y":265,"w":174,"h":145},
	"rotated": false,
	"trimmed": false,
	"spriteSourceSize": {"x":0,"y":0,"w":174,"h":145},
	"sourceSize": {"w":174,"h":145}
},
"achievement70000":
{
	"frame": {"x":515,"y":404,"w":164,"h":141},
	"rotated": false,
	"trimmed": true,
	"spriteSourceSize": {"x":0,"y":0,"w":168,"h":145},
	"sourceSize": {"w":168,"h":145}
},
"achievement70001":
{
	"frame": {"x":862,"y":349,"w":168,"h":145},
	"rotated": false,
	"trimmed": false,
	"spriteSourceSize": {"x":0,"y":0,"w":168,"h":145},
	"sourceSize": {"w":168,"h":145}
},
"achievement80000":
{
	"frame": {"x":1549,"y":499,"w":164,"h":130},
	"rotated": false,
	"trimmed": true,
	"spriteSourceSize": {"x":0,"y":0,"w":168,"h":134},
	"sourceSize": {"w":168,"h":134}
},
"achievement80001":
{
	"frame": {"x":168,"y":408,"w":168,"h":134},
	"rotated": false,
	"trimmed": false,
	"spriteSourceSize": {"x":0,"y":0,"w":168,"h":134},
	"sourceSize": {"w":168,"h":134}
},
"achievement90000":
{
	"frame": {"x":1036,"y":265,"w":164,"h":154},
	"rotated": false,
	"trimmed": true,
	"spriteSourceSize": {"x":0,"y":0,"w":168,"h":158},
	"sourceSize": {"w":168,"h":158}
},
"achievement90001":
{
	"frame": {"x":1873,"y":95,"w":168,"h":158},
	"rotated": false,
	"trimmed": false,
	"spriteSourceSize": {"x":0,"y":0,"w":168,"h":158},
	"sourceSize": {"w":168,"h":158}
},
"achievementBadges0000":
{
	"frame": {"x":924,"y":1083,"w":39,"h":43},
	"rotated": false,
	"trimmed": true,
	"spriteSourceSize": {"x":12,"y":4,"w":67,"h":49},
	"sourceSize": {"w":67,"h":49}
},
"achievementBadges0001":
{
	"frame": {"x":573,"y":662,"w":54,"h":49},
	"rotated": false,
	"trimmed": true,
	"spriteSourceSize": {"x":6,"y":0,"w":67,"h":49},
	"sourceSize": {"w":67,"h":49}
},
"achievementBadges0002":
{
	"frame": {"x":1977,"y":632,"w":67,"h":49},
	"rotated": false,
	"trimmed": false,
	"spriteSourceSize": {"x":0,"y":0,"w":67,"h":49},
	"sourceSize": {"w":67,"h":49}
},
"achievementInformerPad0000":
{
	"frame": {"x":1743,"y":646,"w":113,"h":113},
	"rotated": false,
	"trimmed": false,
	"spriteSourceSize": {"x":0,"y":0,"w":113,"h":113},
	"sourceSize": {"w":113,"h":113}
},
"achievementMax0000":
{
	"frame": {"x":351,"y":1302,"w":157,"h":30},
	"rotated": false,
	"trimmed": false,
	"spriteSourceSize": {"x":0,"y":0,"w":157,"h":30},
	"sourceSize": {"w":157,"h":30}
},
"achievementProgressBar0000":
{
	"frame": {"x":1151,"y":1303,"w":151,"h":17},
	"rotated": false,
	"trimmed": false,
	"spriteSourceSize": {"x":0,"y":0,"w":151,"h":17},
	"sourceSize": {"w":151,"h":17}
},
"achievementProgressPad0000":
{
	"frame": {"x":667,"y":1295,"w":165,"h":31},
	"rotated": false,
	"trimmed": false,
	"spriteSourceSize": {"x":0,"y":0,"w":165,"h":31},
	"sourceSize": {"w":165,"h":31}
},
"achievementsNotification0000":
{
	"frame": {"x":537,"y":1315,"w":24,"h":52},
	"rotated": false,
	"trimmed": true,
	"spriteSourceSize": {"x":5,"y":3,"w":33,"h":57},
	"sourceSize": {"w":33,"h":57}
},
"achievementsNotification0001":
{
	"frame": {"x":968,"y":1315,"w":24,"h":52},
	"rotated": false,
	"trimmed": true,
	"spriteSourceSize": {"x":5,"y":3,"w":33,"h":57},
	"sourceSize": {"w":33,"h":57}
},
"achievementsNotification0002":
{
	"frame": {"x":213,"y":752,"w":23,"h":52},
	"rotated": false,
	"trimmed": true,
	"spriteSourceSize": {"x":5,"y":3,"w":33,"h":57},
	"sourceSize": {"w":33,"h":57}
},
"achievementsNotification0003":
{
	"frame": {"x":625,"y":985,"w":25,"h":54},
	"rotated": false,
	"trimmed": true,
	"spriteSourceSize": {"x":4,"y":2,"w":33,"h":57},
	"sourceSize": {"w":33,"h":57}
},
"achievementsNotification0004":
{
	"frame": {"x":351,"y":1245,"w":25,"h":54},
	"rotated": false,
	"trimmed": true,
	"spriteSourceSize": {"x":4,"y":2,"w":33,"h":57},
	"sourceSize": {"w":33,"h":57}
},
"achievementsNotification0005":
{
	"frame": {"x":1051,"y":1309,"w":25,"h":54},
	"rotated": false,
	"trimmed": true,
	"spriteSourceSize": {"x":4,"y":2,"w":33,"h":57},
	"sourceSize": {"w":33,"h":57}
},
"achievementsNotification0006":
{
	"frame": {"x":1154,"y":1140,"w":25,"h":56},
	"rotated": false,
	"trimmed": true,
	"spriteSourceSize": {"x":4,"y":1,"w":33,"h":57},
	"sourceSize": {"w":33,"h":57}
},
"achievementsNotification0007":
{
	"frame": {"x":36,"y":1268,"w":25,"h":56},
	"rotated": false,
	"trimmed": true,
	"spriteSourceSize": {"x":4,"y":1,"w":33,"h":57},
	"sourceSize": {"w":33,"h":57}
},
"achievementsNotification0008":
{
	"frame": {"x":1406,"y":1302,"w":25,"h":56},
	"rotated": false,
	"trimmed": true,
	"spriteSourceSize": {"x":4,"y":1,"w":33,"h":57},
	"sourceSize": {"w":33,"h":57}
},
"achievementsNotification0009":
{
	"frame": {"x":1436,"y":1265,"w":26,"h":57},
	"rotated": false,
	"trimmed": true,
	"spriteSourceSize": {"x":4,"y":0,"w":33,"h":57},
	"sourceSize": {"w":33,"h":57}
},
"achievementsNotification0010":
{
	"frame": {"x":1464,"y":1265,"w":26,"h":57},
	"rotated": false,
	"trimmed": true,
	"spriteSourceSize": {"x":4,"y":0,"w":33,"h":57},
	"sourceSize": {"w":33,"h":57}
},
"achievementsNotification0011":
{
	"frame": {"x":1492,"y":1265,"w":26,"h":57},
	"rotated": false,
	"trimmed": true,
	"spriteSourceSize": {"x":4,"y":0,"w":33,"h":57},
	"sourceSize": {"w":33,"h":57}
},
"achievementsNotification0012":
{
	"frame": {"x":462,"y":1218,"w":28,"h":55},
	"rotated": false,
	"trimmed": true,
	"spriteSourceSize": {"x":3,"y":1,"w":33,"h":57},
	"sourceSize": {"w":33,"h":57}
},
"achievementsNotification0013":
{
	"frame": {"x":1406,"y":1245,"w":28,"h":55},
	"rotated": false,
	"trimmed": true,
	"spriteSourceSize": {"x":3,"y":1,"w":33,"h":57},
	"sourceSize": {"w":33,"h":57}
},
"achievementsNotification0014":
{
	"frame": {"x":1115,"y":968,"w":30,"h":56},
	"rotated": false,
	"trimmed": true,
	"spriteSourceSize": {"x":2,"y":1,"w":33,"h":57},
	"sourceSize": {"w":33,"h":57}
},
"achievementsNotification0015":
{
	"frame": {"x":2011,"y":2,"w":32,"h":56},
	"rotated": false,
	"trimmed": true,
	"spriteSourceSize": {"x":1,"y":1,"w":33,"h":57},
	"sourceSize": {"w":33,"h":57}
},
"achievementsNotification0016":
{
	"frame": {"x":1157,"y":763,"w":32,"h":56},
	"rotated": false,
	"trimmed": true,
	"spriteSourceSize": {"x":1,"y":1,"w":33,"h":57},
	"sourceSize": {"w":33,"h":57}
},
"achievementsNotification0017":
{
	"frame": {"x":2011,"y":2,"w":32,"h":56},
	"rotated": false,
	"trimmed": true,
	"spriteSourceSize": {"x":1,"y":1,"w":33,"h":57},
	"sourceSize": {"w":33,"h":57}
},
"achievementsNotification0018":
{
	"frame": {"x":1115,"y":968,"w":30,"h":56},
	"rotated": false,
	"trimmed": true,
	"spriteSourceSize": {"x":2,"y":1,"w":33,"h":57},
	"sourceSize": {"w":33,"h":57}
},
"achievementsNotification0019":
{
	"frame": {"x":1406,"y":1245,"w":28,"h":55},
	"rotated": false,
	"trimmed": true,
	"spriteSourceSize": {"x":3,"y":1,"w":33,"h":57},
	"sourceSize": {"w":33,"h":57}
},
"achievementsNotification0020":
{
	"frame": {"x":2010,"y":1246,"w":28,"h":55},
	"rotated": false,
	"trimmed": true,
	"spriteSourceSize": {"x":3,"y":1,"w":33,"h":57},
	"sourceSize": {"w":33,"h":57}
},
"achievementsNotification0021":
{
	"frame": {"x":1492,"y":1265,"w":26,"h":57},
	"rotated": false,
	"trimmed": true,
	"spriteSourceSize": {"x":4,"y":0,"w":33,"h":57},
	"sourceSize": {"w":33,"h":57}
},
"achievementsNotification0022":
{
	"frame": {"x":1464,"y":1265,"w":26,"h":57},
	"rotated": false,
	"trimmed": true,
	"spriteSourceSize": {"x":4,"y":0,"w":33,"h":57},
	"sourceSize": {"w":33,"h":57}
},
"achievementsNotification0023":
{
	"frame": {"x":1436,"y":1265,"w":26,"h":57},
	"rotated": false,
	"trimmed": true,
	"spriteSourceSize": {"x":4,"y":0,"w":33,"h":57},
	"sourceSize": {"w":33,"h":57}
},
"achievementsNotification0024":
{
	"frame": {"x":2022,"y":1161,"w":24,"h":57},
	"rotated": false,
	"trimmed": true,
	"spriteSourceSize": {"x":4,"y":0,"w":33,"h":57},
	"sourceSize": {"w":33,"h":57}
},
"achievementsNotification0025":
{
	"frame": {"x":968,"y":1256,"w":27,"h":57},
	"rotated": false,
	"trimmed": true,
	"spriteSourceSize": {"x":3,"y":0,"w":33,"h":57},
	"sourceSize": {"w":33,"h":57}
},
"achievementsNotification0026":
{
	"frame": {"x":1192,"y":649,"w":28,"h":57},
	"rotated": false,
	"trimmed": true,
	"spriteSourceSize": {"x":2,"y":0,"w":33,"h":57},
	"sourceSize": {"w":33,"h":57}
},
"achievementsNotification0027":
{
	"frame": {"x":378,"y":1160,"w":29,"h":55},
	"rotated": false,
	"trimmed": true,
	"spriteSourceSize": {"x":2,"y":1,"w":33,"h":57},
	"sourceSize": {"w":33,"h":57}
},
"achievementsNotification0028":
{
	"frame": {"x":1981,"y":1059,"w":30,"h":56},
	"rotated": false,
	"trimmed": true,
	"spriteSourceSize": {"x":1,"y":1,"w":33,"h":57},
	"sourceSize": {"w":33,"h":57}
},
"achievementsNotification0029":
{
	"frame": {"x":419,"y":854,"w":31,"h":56},
	"rotated": false,
	"trimmed": true,
	"spriteSourceSize": {"x":1,"y":1,"w":33,"h":57},
	"sourceSize": {"w":33,"h":57}
},
"achievementsNotification0030":
{
	"frame": {"x":1466,"y":956,"w":32,"h":56},
	"rotated": false,
	"trimmed": true,
	"spriteSourceSize": {"x":0,"y":1,"w":33,"h":57},
	"sourceSize": {"w":33,"h":57}
},
"achievementsNotification0031":
{
	"frame": {"x":419,"y":854,"w":31,"h":56},
	"rotated": false,
	"trimmed": true,
	"spriteSourceSize": {"x":1,"y":1,"w":33,"h":57},
	"sourceSize": {"w":33,"h":57}
},
"achievementsNotification0032":
{
	"frame": {"x":1981,"y":1059,"w":30,"h":56},
	"rotated": false,
	"trimmed": true,
	"spriteSourceSize": {"x":1,"y":1,"w":33,"h":57},
	"sourceSize": {"w":33,"h":57}
},
"achievementsNotification0033":
{
	"frame": {"x":378,"y":1160,"w":29,"h":55},
	"rotated": false,
	"trimmed": true,
	"spriteSourceSize": {"x":2,"y":1,"w":33,"h":57},
	"sourceSize": {"w":33,"h":57}
},
"achievementsNotification0034":
{
	"frame": {"x":1192,"y":649,"w":28,"h":57},
	"rotated": false,
	"trimmed": true,
	"spriteSourceSize": {"x":2,"y":0,"w":33,"h":57},
	"sourceSize": {"w":33,"h":57}
},
"achievementsNotification0035":
{
	"frame": {"x":968,"y":1256,"w":27,"h":57},
	"rotated": false,
	"trimmed": true,
	"spriteSourceSize": {"x":3,"y":0,"w":33,"h":57},
	"sourceSize": {"w":33,"h":57}
},
"achievementsNotification0036":
{
	"frame": {"x":2022,"y":1161,"w":24,"h":57},
	"rotated": false,
	"trimmed": true,
	"spriteSourceSize": {"x":4,"y":0,"w":33,"h":57},
	"sourceSize": {"w":33,"h":57}
},
"achievementsNotification0037":
{
	"frame": {"x":1436,"y":1265,"w":26,"h":57},
	"rotated": false,
	"trimmed": true,
	"spriteSourceSize": {"x":4,"y":0,"w":33,"h":57},
	"sourceSize": {"w":33,"h":57}
},
"achievementsNotification0038":
{
	"frame": {"x":2010,"y":1303,"w":25,"h":56},
	"rotated": false,
	"trimmed": true,
	"spriteSourceSize": {"x":4,"y":1,"w":33,"h":57},
	"sourceSize": {"w":33,"h":57}
},
"achievementsNotification0039":
{
	"frame": {"x":997,"y":1309,"w":25,"h":56},
	"rotated": false,
	"trimmed": true,
	"spriteSourceSize": {"x":4,"y":1,"w":33,"h":57},
	"sourceSize": {"w":33,"h":57}
},
"achievementsNotification0040":
{
	"frame": {"x":1024,"y":1309,"w":25,"h":56},
	"rotated": false,
	"trimmed": true,
	"spriteSourceSize": {"x":4,"y":1,"w":33,"h":57},
	"sourceSize": {"w":33,"h":57}
},
"achievementsNotification0041":
{
	"frame": {"x":510,"y":1315,"w":25,"h":53},
	"rotated": false,
	"trimmed": true,
	"spriteSourceSize": {"x":4,"y":2,"w":33,"h":57},
	"sourceSize": {"w":33,"h":57}
},
"achievementsNotification0042":
{
	"frame": {"x":578,"y":1312,"w":25,"h":54},
	"rotated": false,
	"trimmed": true,
	"spriteSourceSize": {"x":4,"y":2,"w":33,"h":57},
	"sourceSize": {"w":33,"h":57}
},
"achievementsNotification0043":
{
	"frame": {"x":605,"y":1312,"w":25,"h":54},
	"rotated": false,
	"trimmed": true,
	"spriteSourceSize": {"x":4,"y":2,"w":33,"h":57},
	"sourceSize": {"w":33,"h":57}
},
"achievementsNotification0044":
{
	"frame": {"x":632,"y":1312,"w":25,"h":54},
	"rotated": false,
	"trimmed": true,
	"spriteSourceSize": {"x":4,"y":2,"w":33,"h":57},
	"sourceSize": {"w":33,"h":57}
},
"achievementsNotification0045":
{
	"frame": {"x":2,"y":1316,"w":24,"h":52},
	"rotated": false,
	"trimmed": true,
	"spriteSourceSize": {"x":5,"y":3,"w":33,"h":57},
	"sourceSize": {"w":33,"h":57}
},
"achievementsNotification0046":
{
	"frame": {"x":1151,"y":1322,"w":24,"h":52},
	"rotated": false,
	"trimmed": true,
	"spriteSourceSize": {"x":5,"y":3,"w":33,"h":57},
	"sourceSize": {"w":33,"h":57}
},
"achievementsNotification0047":
{
	"frame": {"x":537,"y":1315,"w":24,"h":52},
	"rotated": false,
	"trimmed": true,
	"spriteSourceSize": {"x":5,"y":3,"w":33,"h":57},
	"sourceSize": {"w":33,"h":57}
},
"achievementsNotification0048":
{
	"frame": {"x":537,"y":1315,"w":24,"h":52},
	"rotated": false,
	"trimmed": true,
	"spriteSourceSize": {"x":5,"y":3,"w":33,"h":57},
	"sourceSize": {"w":33,"h":57}
},
"achievementsNotification0049":
{
	"frame": {"x":537,"y":1315,"w":24,"h":52},
	"rotated": false,
	"trimmed": true,
	"spriteSourceSize": {"x":5,"y":3,"w":33,"h":57},
	"sourceSize": {"w":33,"h":57}
},
"achievementsNotification0050":
{
	"frame": {"x":537,"y":1315,"w":24,"h":52},
	"rotated": false,
	"trimmed": true,
	"spriteSourceSize": {"x":5,"y":3,"w":33,"h":57},
	"sourceSize": {"w":33,"h":57}
},
"achievementsNotification0051":
{
	"frame": {"x":537,"y":1315,"w":24,"h":52},
	"rotated": false,
	"trimmed": true,
	"spriteSourceSize": {"x":5,"y":3,"w":33,"h":57},
	"sourceSize": {"w":33,"h":57}
},
"achievementsNotification0052":
{
	"frame": {"x":537,"y":1315,"w":24,"h":52},
	"rotated": false,
	"trimmed": true,
	"spriteSourceSize": {"x":5,"y":3,"w":33,"h":57},
	"sourceSize": {"w":33,"h":57}
},
"achievementsNotification0053":
{
	"frame": {"x":537,"y":1315,"w":24,"h":52},
	"rotated": false,
	"trimmed": true,
	"spriteSourceSize": {"x":5,"y":3,"w":33,"h":57},
	"sourceSize": {"w":33,"h":57}
},
"achievementsNotification0054":
{
	"frame": {"x":537,"y":1315,"w":24,"h":52},
	"rotated": false,
	"trimmed": true,
	"spriteSourceSize": {"x":5,"y":3,"w":33,"h":57},
	"sourceSize": {"w":33,"h":57}
},
"achievementsNotification0055":
{
	"frame": {"x":537,"y":1315,"w":24,"h":52},
	"rotated": false,
	"trimmed": true,
	"spriteSourceSize": {"x":5,"y":3,"w":33,"h":57},
	"sourceSize": {"w":33,"h":57}
},
"achievementsNotification0056":
{
	"frame": {"x":537,"y":1315,"w":24,"h":52},
	"rotated": false,
	"trimmed": true,
	"spriteSourceSize": {"x":5,"y":3,"w":33,"h":57},
	"sourceSize": {"w":33,"h":57}
},
"achievementsNotification0057":
{
	"frame": {"x":537,"y":1315,"w":24,"h":52},
	"rotated": false,
	"trimmed": true,
	"spriteSourceSize": {"x":5,"y":3,"w":33,"h":57},
	"sourceSize": {"w":33,"h":57}
},
"achievementsNotification0058":
{
	"frame": {"x":537,"y":1315,"w":24,"h":52},
	"rotated": false,
	"trimmed": true,
	"spriteSourceSize": {"x":5,"y":3,"w":33,"h":57},
	"sourceSize": {"w":33,"h":57}
},
"achievementsNotification0059":
{
	"frame": {"x":537,"y":1315,"w":24,"h":52},
	"rotated": false,
	"trimmed": true,
	"spriteSourceSize": {"x":5,"y":3,"w":33,"h":57},
	"sourceSize": {"w":33,"h":57}
},
"blackSquare0000":
{
	"frame": {"x":1054,"y":763,"w":101,"h":101},
	"rotated": false,
	"trimmed": false,
	"spriteSourceSize": {"x":0,"y":0,"w":101,"h":101},
	"sourceSize": {"w":101,"h":101}
},
"block0000":
{
	"frame": {"x":99,"y":1167,"w":82,"h":82},
	"rotated": false,
	"trimmed": false,
	"spriteSourceSize": {"x":0,"y":0,"w":82,"h":82},
	"sourceSize": {"w":82,"h":82}
},
"block0001":
{
	"frame": {"x":699,"y":1171,"w":82,"h":82},
	"rotated": false,
	"trimmed": false,
	"spriteSourceSize": {"x":0,"y":0,"w":82,"h":82},
	"sourceSize": {"w":82,"h":82}
},
"block0002":
{
	"frame": {"x":924,"y":1172,"w":82,"h":82},
	"rotated": false,
	"trimmed": false,
	"spriteSourceSize": {"x":0,"y":0,"w":82,"h":82},
	"sourceSize": {"w":82,"h":82}
},
"block0003":
{
	"frame": {"x":1436,"y":1181,"w":82,"h":82},
	"rotated": false,
	"trimmed": false,
	"spriteSourceSize": {"x":0,"y":0,"w":82,"h":82},
	"sourceSize": {"w":82,"h":82}
},
"block0004":
{
	"frame": {"x":499,"y":1183,"w":82,"h":82},
	"rotated": false,
	"trimmed": false,
	"spriteSourceSize": {"x":0,"y":0,"w":82,"h":82},
	"sourceSize": {"w":82,"h":82}
},
"block0005":
{
	"frame": {"x":2,"y":1184,"w":82,"h":82},
	"rotated": false,
	"trimmed": false,
	"spriteSourceSize": {"x":0,"y":0,"w":82,"h":82},
	"sourceSize": {"w":82,"h":82}
},
"block0006":
{
	"frame": {"x":783,"y":1184,"w":82,"h":82},
	"rotated": false,
	"trimmed": false,
	"spriteSourceSize": {"x":0,"y":0,"w":82,"h":82},
	"sourceSize": {"w":82,"h":82}
},
"blockGlow0000":
{
	"frame": {"x":456,"y":604,"w":115,"h":114},
	"rotated": false,
	"trimmed": false,
	"spriteSourceSize": {"x":0,"y":0,"w":115,"h":114},
	"sourceSize": {"w":115,"h":114}
},
"blockGlow0001":
{
	"frame": {"x":1223,"y":611,"w":115,"h":114},
	"rotated": false,
	"trimmed": false,
	"spriteSourceSize": {"x":0,"y":0,"w":115,"h":114},
	"sourceSize": {"w":115,"h":114}
},
"blockGlow0002":
{
	"frame": {"x":1509,"y":631,"w":115,"h":114},
	"rotated": false,
	"trimmed": false,
	"spriteSourceSize": {"x":0,"y":0,"w":115,"h":114},
	"sourceSize": {"w":115,"h":114}
},
"blockGlow0003":
{
	"frame": {"x":1860,"y":632,"w":115,"h":114},
	"rotated": false,
	"trimmed": false,
	"spriteSourceSize": {"x":0,"y":0,"w":115,"h":114},
	"sourceSize": {"w":115,"h":114}
},
"blockGlow0004":
{
	"frame": {"x":1340,"y":633,"w":115,"h":114},
	"rotated": false,
	"trimmed": false,
	"spriteSourceSize": {"x":0,"y":0,"w":115,"h":114},
	"sourceSize": {"w":115,"h":114}
},
"blockGlow0005":
{
	"frame": {"x":121,"y":636,"w":115,"h":114},
	"rotated": false,
	"trimmed": false,
	"spriteSourceSize": {"x":0,"y":0,"w":115,"h":114},
	"sourceSize": {"w":115,"h":114}
},
"blockGlow0006":
{
	"frame": {"x":1626,"y":646,"w":115,"h":114},
	"rotated": false,
	"trimmed": false,
	"spriteSourceSize": {"x":0,"y":0,"w":115,"h":114},
	"sourceSize": {"w":115,"h":114}
},
"blockGrey0000":
{
	"frame": {"x":293,"y":1160,"w":83,"h":83},
	"rotated": false,
	"trimmed": false,
	"spriteSourceSize": {"x":0,"y":0,"w":83,"h":83},
	"sourceSize": {"w":83,"h":83}
},
"blockGrey0001":
{
	"frame": {"x":1351,"y":1160,"w":83,"h":83},
	"rotated": false,
	"trimmed": false,
	"spriteSourceSize": {"x":0,"y":0,"w":83,"h":83},
	"sourceSize": {"w":83,"h":83}
},
"blockGrey0002":
{
	"frame": {"x":1597,"y":1161,"w":83,"h":83},
	"rotated": false,
	"trimmed": false,
	"spriteSourceSize": {"x":0,"y":0,"w":83,"h":83},
	"sourceSize": {"w":83,"h":83}
},
"blockGrey0003":
{
	"frame": {"x":1682,"y":1161,"w":83,"h":83},
	"rotated": false,
	"trimmed": false,
	"spriteSourceSize": {"x":0,"y":0,"w":83,"h":83},
	"sourceSize": {"w":83,"h":83}
},
"blockGrey0004":
{
	"frame": {"x":1767,"y":1161,"w":83,"h":83},
	"rotated": false,
	"trimmed": false,
	"spriteSourceSize": {"x":0,"y":0,"w":83,"h":83},
	"sourceSize": {"w":83,"h":83}
},
"blockGrey0005":
{
	"frame": {"x":1852,"y":1161,"w":83,"h":83},
	"rotated": false,
	"trimmed": false,
	"spriteSourceSize": {"x":0,"y":0,"w":83,"h":83},
	"sourceSize": {"w":83,"h":83}
},
"blockGrey0006":
{
	"frame": {"x":1937,"y":1161,"w":83,"h":83},
	"rotated": false,
	"trimmed": false,
	"spriteSourceSize": {"x":0,"y":0,"w":83,"h":83},
	"sourceSize": {"w":83,"h":83}
},
"blockStarred0000":
{
	"frame": {"x":378,"y":1218,"w":82,"h":82},
	"rotated": false,
	"trimmed": false,
	"spriteSourceSize": {"x":0,"y":0,"w":82,"h":82},
	"sourceSize": {"w":82,"h":82}
},
"blockStarred0001":
{
	"frame": {"x":1154,"y":1219,"w":82,"h":82},
	"rotated": false,
	"trimmed": false,
	"spriteSourceSize": {"x":0,"y":0,"w":82,"h":82},
	"sourceSize": {"w":82,"h":82}
},
"blockStarred0002":
{
	"frame": {"x":1238,"y":1219,"w":82,"h":82},
	"rotated": false,
	"trimmed": false,
	"spriteSourceSize": {"x":0,"y":0,"w":82,"h":82},
	"sourceSize": {"w":82,"h":82}
},
"blockStarred0003":
{
	"frame": {"x":1008,"y":1225,"w":82,"h":82},
	"rotated": false,
	"trimmed": false,
	"spriteSourceSize": {"x":0,"y":0,"w":82,"h":82},
	"sourceSize": {"w":82,"h":82}
},
"blockStarred0004":
{
	"frame": {"x":583,"y":1228,"w":82,"h":82},
	"rotated": false,
	"trimmed": false,
	"spriteSourceSize": {"x":0,"y":0,"w":82,"h":82},
	"sourceSize": {"w":82,"h":82}
},
"blockStarred0005":
{
	"frame": {"x":183,"y":1245,"w":82,"h":82},
	"rotated": false,
	"trimmed": false,
	"spriteSourceSize": {"x":0,"y":0,"w":82,"h":82},
	"sourceSize": {"w":82,"h":82}
},
"blockStarred0006":
{
	"frame": {"x":267,"y":1245,"w":82,"h":82},
	"rotated": false,
	"trimmed": false,
	"spriteSourceSize": {"x":0,"y":0,"w":82,"h":82},
	"sourceSize": {"w":82,"h":82}
},
"blockStarredGrey0000":
{
	"frame": {"x":414,"y":1133,"w":83,"h":83},
	"rotated": false,
	"trimmed": false,
	"spriteSourceSize": {"x":0,"y":0,"w":83,"h":83},
	"sourceSize": {"w":83,"h":83}
},
"blockStarredGrey0001":
{
	"frame": {"x":1181,"y":1134,"w":83,"h":83},
	"rotated": false,
	"trimmed": false,
	"spriteSourceSize": {"x":0,"y":0,"w":83,"h":83},
	"sourceSize": {"w":83,"h":83}
},
"blockStarredGrey0002":
{
	"frame": {"x":1266,"y":1134,"w":83,"h":83},
	"rotated": false,
	"trimmed": false,
	"spriteSourceSize": {"x":0,"y":0,"w":83,"h":83},
	"sourceSize": {"w":83,"h":83}
},
"blockStarredGrey0003":
{
	"frame": {"x":414,"y":1133,"w":83,"h":83},
	"rotated": false,
	"trimmed": false,
	"spriteSourceSize": {"x":0,"y":0,"w":83,"h":83},
	"sourceSize": {"w":83,"h":83}
},
"blockStarredGrey0004":
{
	"frame": {"x":1069,"y":1140,"w":83,"h":83},
	"rotated": false,
	"trimmed": false,
	"spriteSourceSize": {"x":0,"y":0,"w":83,"h":83},
	"sourceSize": {"w":83,"h":83}
},
"blockStarredGrey0005":
{
	"frame": {"x":614,"y":1143,"w":83,"h":83},
	"rotated": false,
	"trimmed": false,
	"spriteSourceSize": {"x":0,"y":0,"w":83,"h":83},
	"sourceSize": {"w":83,"h":83}
},
"blockStarredGrey0006":
{
	"frame": {"x":208,"y":1160,"w":83,"h":83},
	"rotated": false,
	"trimmed": false,
	"spriteSourceSize": {"x":0,"y":0,"w":83,"h":83},
	"sourceSize": {"w":83,"h":83}
},
"boughtMarkBig0000":
{
	"frame": {"x":2,"y":550,"w":117,"h":119},
	"rotated": false,
	"trimmed": false,
	"spriteSourceSize": {"x":0,"y":0,"w":117,"h":119},
	"sourceSize": {"w":117,"h":119}
},
"buttonAchievements0000":
{
	"frame": {"x":1322,"y":1245,"w":82,"h":81},
	"rotated": false,
	"trimmed": false,
	"spriteSourceSize": {"x":0,"y":0,"w":82,"h":81},
	"sourceSize": {"w":82,"h":81}
},
"buttonBuy0000":
{
	"frame": {"x":1766,"y":1246,"w":80,"h":80},
	"rotated": false,
	"trimmed": false,
	"spriteSourceSize": {"x":0,"y":0,"w":80,"h":80},
	"sourceSize": {"w":80,"h":80}
},
"buttonBuyBig0000":
{
	"frame": {"x":105,"y":1065,"w":101,"h":100},
	"rotated": false,
	"trimmed": false,
	"spriteSourceSize": {"x":0,"y":0,"w":101,"h":100},
	"sourceSize": {"w":101,"h":100}
},
"buttonBuyPad0000":
{
	"frame": {"x":1684,"y":1246,"w":80,"h":80},
	"rotated": false,
	"trimmed": false,
	"spriteSourceSize": {"x":0,"y":0,"w":80,"h":80},
	"sourceSize": {"w":80,"h":80}
},
"buttonClaim0000":
{
	"frame": {"x":1299,"y":749,"w":142,"h":77},
	"rotated": false,
	"trimmed": false,
	"spriteSourceSize": {"x":0,"y":0,"w":142,"h":77},
	"sourceSize": {"w":142,"h":77}
},
"buttonClose0000":
{
	"frame": {"x":967,"y":1070,"w":100,"h":100},
	"rotated": false,
	"trimmed": false,
	"spriteSourceSize": {"x":0,"y":0,"w":100,"h":100},
	"sourceSize": {"w":100,"h":100}
},
"buttonContinue0000":
{
	"frame": {"x":345,"y":747,"w":105,"h":105},
	"rotated": false,
	"trimmed": false,
	"spriteSourceSize": {"x":0,"y":0,"w":105,"h":105},
	"sourceSize": {"w":105,"h":105}
},
"buttonGetStars0000":
{
	"frame": {"x":1466,"y":1123,"w":129,"h":56},
	"rotated": false,
	"trimmed": false,
	"spriteSourceSize": {"x":0,"y":0,"w":129,"h":56},
	"sourceSize": {"w":129,"h":56}
},
"buttonRestart0000":
{
	"frame": {"x":1858,"y":748,"w":105,"h":105},
	"rotated": false,
	"trimmed": false,
	"spriteSourceSize": {"x":0,"y":0,"w":105,"h":105},
	"sourceSize": {"w":105,"h":105}
},
"buttonRevive0000":
{
	"frame": {"x":1457,"y":747,"w":105,"h":105},
	"rotated": false,
	"trimmed": false,
	"spriteSourceSize": {"x":0,"y":0,"w":105,"h":105},
	"sourceSize": {"w":105,"h":105}
},
"buttonRewardedVideoSmall0000":
{
	"frame": {"x":1602,"y":1246,"w":80,"h":80},
	"rotated": false,
	"trimmed": false,
	"spriteSourceSize": {"x":0,"y":0,"w":80,"h":80},
	"sourceSize": {"w":80,"h":80}
},
"buttonRewardedVideoSmall0000":
{
	"frame": {"x":1965,"y":748,"w":81,"h":80},
	"rotated": false,
	"trimmed": false,
	"spriteSourceSize": {"x":0,"y":0,"w":81,"h":80},
	"sourceSize": {"w":81,"h":80}
},
"buttonSettings0000":
{
	"frame": {"x":1520,"y":1246,"w":80,"h":80},
	"rotated": false,
	"trimmed": false,
	"spriteSourceSize": {"x":0,"y":0,"w":80,"h":80},
	"sourceSize": {"w":80,"h":80}
},
"buttonTutorial0000":
{
	"frame": {"x":456,"y":720,"w":105,"h":105},
	"rotated": false,
	"trimmed": false,
	"spriteSourceSize": {"x":0,"y":0,"w":105,"h":105},
	"sourceSize": {"w":105,"h":105}
},
"buttonWatchVideoBig0000":
{
	"frame": {"x":2,"y":778,"w":101,"h":100},
	"rotated": false,
	"trimmed": false,
	"spriteSourceSize": {"x":0,"y":0,"w":101,"h":100},
	"sourceSize": {"w":101,"h":100}
},
"buttonWatchVideoBig0001":
{
	"frame": {"x":563,"y":781,"w":101,"h":100},
	"rotated": false,
	"trimmed": false,
	"spriteSourceSize": {"x":0,"y":0,"w":101,"h":100},
	"sourceSize": {"w":101,"h":100}
},
"buttonWatchVideoBig0002":
{
	"frame": {"x":1564,"y":817,"w":101,"h":100},
	"rotated": false,
	"trimmed": false,
	"spriteSourceSize": {"x":0,"y":0,"w":101,"h":100},
	"sourceSize": {"w":101,"h":100}
},
"buttonWatchVideoBig0003":
{
	"frame": {"x":1667,"y":817,"w":101,"h":100},
	"rotated": false,
	"trimmed": false,
	"spriteSourceSize": {"x":0,"y":0,"w":101,"h":100},
	"sourceSize": {"w":101,"h":100}
},
"buttonWatchVideoBig0004":
{
	"frame": {"x":452,"y":827,"w":101,"h":100},
	"rotated": false,
	"trimmed": false,
	"spriteSourceSize": {"x":0,"y":0,"w":101,"h":100},
	"sourceSize": {"w":101,"h":100}
},
"buttonWatchVideoBig0005":
{
	"frame": {"x":1299,"y":828,"w":101,"h":100},
	"rotated": false,
	"trimmed": false,
	"spriteSourceSize": {"x":0,"y":0,"w":101,"h":100},
	"sourceSize": {"w":101,"h":100}
},
"buttonWatchVideoBig0006":
{
	"frame": {"x":1157,"y":834,"w":101,"h":100},
	"rotated": false,
	"trimmed": false,
	"spriteSourceSize": {"x":0,"y":0,"w":101,"h":100},
	"sourceSize": {"w":101,"h":100}
},
"buttonWatchVideoBig0007":
{
	"frame": {"x":666,"y":837,"w":101,"h":100},
	"rotated": false,
	"trimmed": false,
	"spriteSourceSize": {"x":0,"y":0,"w":101,"h":100},
	"sourceSize": {"w":101,"h":100}
},
"buttonWatchVideoBig0008":
{
	"frame": {"x":666,"y":837,"w":101,"h":100},
	"rotated": false,
	"trimmed": false,
	"spriteSourceSize": {"x":0,"y":0,"w":101,"h":100},
	"sourceSize": {"w":101,"h":100}
},
"buttonWatchVideoBig0009":
{
	"frame": {"x":213,"y":854,"w":101,"h":100},
	"rotated": false,
	"trimmed": false,
	"spriteSourceSize": {"x":0,"y":0,"w":101,"h":100},
	"sourceSize": {"w":101,"h":100}
},
"buttonWatchVideoBig0010":
{
	"frame": {"x":316,"y":854,"w":101,"h":100},
	"rotated": false,
	"trimmed": false,
	"spriteSourceSize": {"x":0,"y":0,"w":101,"h":100},
	"sourceSize": {"w":101,"h":100}
},
"buttonWatchVideoBig0011":
{
	"frame": {"x":1402,"y":854,"w":101,"h":100},
	"rotated": false,
	"trimmed": false,
	"spriteSourceSize": {"x":0,"y":0,"w":101,"h":100},
	"sourceSize": {"w":101,"h":100}
},
"buttonWatchVideoBig0012":
{
	"frame": {"x":1770,"y":855,"w":101,"h":100},
	"rotated": false,
	"trimmed": false,
	"spriteSourceSize": {"x":0,"y":0,"w":101,"h":100},
	"sourceSize": {"w":101,"h":100}
},
"buttonWatchVideoBig0013":
{
	"frame": {"x":1873,"y":855,"w":101,"h":100},
	"rotated": false,
	"trimmed": false,
	"spriteSourceSize": {"x":0,"y":0,"w":101,"h":100},
	"sourceSize": {"w":101,"h":100}
},
"buttonWatchVideoBig0014":
{
	"frame": {"x":1873,"y":855,"w":101,"h":100},
	"rotated": false,
	"trimmed": false,
	"spriteSourceSize": {"x":0,"y":0,"w":101,"h":100},
	"sourceSize": {"w":101,"h":100}
},
"buttonWatchVideoBig0015":
{
	"frame": {"x":105,"y":861,"w":101,"h":100},
	"rotated": false,
	"trimmed": false,
	"spriteSourceSize": {"x":0,"y":0,"w":101,"h":100},
	"sourceSize": {"w":101,"h":100}
},
"buttonWatchVideoBig0016":
{
	"frame": {"x":1054,"y":866,"w":101,"h":100},
	"rotated": false,
	"trimmed": false,
	"spriteSourceSize": {"x":0,"y":0,"w":101,"h":100},
	"sourceSize": {"w":101,"h":100}
},
"buttonWatchVideoBig0017":
{
	"frame": {"x":769,"y":868,"w":101,"h":100},
	"rotated": false,
	"trimmed": false,
	"spriteSourceSize": {"x":0,"y":0,"w":101,"h":100},
	"sourceSize": {"w":101,"h":100}
},
"buttonWatchVideoBig0018":
{
	"frame": {"x":872,"y":879,"w":101,"h":100},
	"rotated": false,
	"trimmed": false,
	"spriteSourceSize": {"x":0,"y":0,"w":101,"h":100},
	"sourceSize": {"w":101,"h":100}
},
"buttonWatchVideoBig0019":
{
	"frame": {"x":2,"y":880,"w":101,"h":100},
	"rotated": false,
	"trimmed": false,
	"spriteSourceSize": {"x":0,"y":0,"w":101,"h":100},
	"sourceSize": {"w":101,"h":100}
},
"buttonWatchVideoBig0020":
{
	"frame": {"x":555,"y":883,"w":101,"h":100},
	"rotated": false,
	"trimmed": false,
	"spriteSourceSize": {"x":0,"y":0,"w":101,"h":100},
	"sourceSize": {"w":101,"h":100}
},
"buttonWatchVideoBig0021":
{
	"frame": {"x":1505,"y":919,"w":101,"h":100},
	"rotated": false,
	"trimmed": false,
	"spriteSourceSize": {"x":0,"y":0,"w":101,"h":100},
	"sourceSize": {"w":101,"h":100}
},
"buttonWatchVideoBig0022":
{
	"frame": {"x":1608,"y":919,"w":101,"h":100},
	"rotated": false,
	"trimmed": false,
	"spriteSourceSize": {"x":0,"y":0,"w":101,"h":100},
	"sourceSize": {"w":101,"h":100}
},
"buttonWatchVideoBig0023":
{
	"frame": {"x":419,"y":929,"w":101,"h":100},
	"rotated": false,
	"trimmed": false,
	"spriteSourceSize": {"x":0,"y":0,"w":101,"h":100},
	"sourceSize": {"w":101,"h":100}
},
"buttonWatchVideoBig0024":
{
	"frame": {"x":1260,"y":930,"w":101,"h":100},
	"rotated": false,
	"trimmed": false,
	"spriteSourceSize": {"x":0,"y":0,"w":101,"h":100},
	"sourceSize": {"w":101,"h":100}
},
"buttonWatchVideoBig0025":
{
	"frame": {"x":1157,"y":936,"w":101,"h":100},
	"rotated": false,
	"trimmed": false,
	"spriteSourceSize": {"x":0,"y":0,"w":101,"h":100},
	"sourceSize": {"w":101,"h":100}
},
"buttonWatchVideoBig0026":
{
	"frame": {"x":1157,"y":936,"w":101,"h":100},
	"rotated": false,
	"trimmed": false,
	"spriteSourceSize": {"x":0,"y":0,"w":101,"h":100},
	"sourceSize": {"w":101,"h":100}
},
"buttonWatchVideoBig0027":
{
	"frame": {"x":658,"y":939,"w":101,"h":100},
	"rotated": false,
	"trimmed": false,
	"spriteSourceSize": {"x":0,"y":0,"w":101,"h":100},
	"sourceSize": {"w":101,"h":100}
},
"buttonWatchVideoBig0028":
{
	"frame": {"x":208,"y":956,"w":101,"h":100},
	"rotated": false,
	"trimmed": false,
	"spriteSourceSize": {"x":0,"y":0,"w":101,"h":100},
	"sourceSize": {"w":101,"h":100}
},
"buttonWatchVideoBig0029":
{
	"frame": {"x":311,"y":956,"w":101,"h":100},
	"rotated": false,
	"trimmed": false,
	"spriteSourceSize": {"x":0,"y":0,"w":101,"h":100},
	"sourceSize": {"w":101,"h":100}
},
"buttonWatchVideoBig0030":
{
	"frame": {"x":1363,"y":956,"w":101,"h":100},
	"rotated": false,
	"trimmed": false,
	"spriteSourceSize": {"x":0,"y":0,"w":101,"h":100},
	"sourceSize": {"w":101,"h":100}
},
"buttonWatchVideoBig0031":
{
	"frame": {"x":1711,"y":957,"w":101,"h":100},
	"rotated": false,
	"trimmed": false,
	"spriteSourceSize": {"x":0,"y":0,"w":101,"h":100},
	"sourceSize": {"w":101,"h":100}
},
"buttonWatchVideoBig0032":
{
	"frame": {"x":1814,"y":957,"w":101,"h":100},
	"rotated": false,
	"trimmed": false,
	"spriteSourceSize": {"x":0,"y":0,"w":101,"h":100},
	"sourceSize": {"w":101,"h":100}
},
"buttonWatchVideoBig0033":
{
	"frame": {"x":1917,"y":957,"w":101,"h":100},
	"rotated": false,
	"trimmed": false,
	"spriteSourceSize": {"x":0,"y":0,"w":101,"h":100},
	"sourceSize": {"w":101,"h":100}
},
"buttonWatchVideoBig0034":
{
	"frame": {"x":105,"y":963,"w":101,"h":100},
	"rotated": false,
	"trimmed": false,
	"spriteSourceSize": {"x":0,"y":0,"w":101,"h":100},
	"sourceSize": {"w":101,"h":100}
},
"buttonWatchVideoBig0035":
{
	"frame": {"x":975,"y":968,"w":101,"h":100},
	"rotated": false,
	"trimmed": false,
	"spriteSourceSize": {"x":0,"y":0,"w":101,"h":100},
	"sourceSize": {"w":101,"h":100}
},
"buttonWatchVideoBig0036":
{
	"frame": {"x":975,"y":968,"w":101,"h":100},
	"rotated": false,
	"trimmed": false,
	"spriteSourceSize": {"x":0,"y":0,"w":101,"h":100},
	"sourceSize": {"w":101,"h":100}
},
"buttonWatchVideoBig0037":
{
	"frame": {"x":761,"y":970,"w":101,"h":100},
	"rotated": false,
	"trimmed": false,
	"spriteSourceSize": {"x":0,"y":0,"w":101,"h":100},
	"sourceSize": {"w":101,"h":100}
},
"buttonWatchVideoBig0038":
{
	"frame": {"x":864,"y":981,"w":101,"h":100},
	"rotated": false,
	"trimmed": false,
	"spriteSourceSize": {"x":0,"y":0,"w":101,"h":100},
	"sourceSize": {"w":101,"h":100}
},
"buttonWatchVideoBig0039":
{
	"frame": {"x":555,"y":883,"w":101,"h":100},
	"rotated": false,
	"trimmed": false,
	"spriteSourceSize": {"x":0,"y":0,"w":101,"h":100},
	"sourceSize": {"w":101,"h":100}
},
"buttonWatchVideoBig0040":
{
	"frame": {"x":2,"y":880,"w":101,"h":100},
	"rotated": false,
	"trimmed": false,
	"spriteSourceSize": {"x":0,"y":0,"w":101,"h":100},
	"sourceSize": {"w":101,"h":100}
},
"buttonWatchVideoBig0041":
{
	"frame": {"x":2,"y":982,"w":101,"h":100},
	"rotated": false,
	"trimmed": false,
	"spriteSourceSize": {"x":0,"y":0,"w":101,"h":100},
	"sourceSize": {"w":101,"h":100}
},
"buttonWatchVideoBig0042":
{
	"frame": {"x":522,"y":985,"w":101,"h":100},
	"rotated": false,
	"trimmed": false,
	"spriteSourceSize": {"x":0,"y":0,"w":101,"h":100},
	"sourceSize": {"w":101,"h":100}
},
"buttonWatchVideoBig0043":
{
	"frame": {"x":1466,"y":1021,"w":101,"h":100},
	"rotated": false,
	"trimmed": false,
	"spriteSourceSize": {"x":0,"y":0,"w":101,"h":100},
	"sourceSize": {"w":101,"h":100}
},
"buttonWatchVideoBig0044":
{
	"frame": {"x":1569,"y":1021,"w":101,"h":100},
	"rotated": false,
	"trimmed": false,
	"spriteSourceSize": {"x":0,"y":0,"w":101,"h":100},
	"sourceSize": {"w":101,"h":100}
},
"buttonWatchVideoBig0045":
{
	"frame": {"x":1569,"y":1021,"w":101,"h":100},
	"rotated": false,
	"trimmed": false,
	"spriteSourceSize": {"x":0,"y":0,"w":101,"h":100},
	"sourceSize": {"w":101,"h":100}
},
"buttonWatchVideoBig0046":
{
	"frame": {"x":414,"y":1031,"w":101,"h":100},
	"rotated": false,
	"trimmed": false,
	"spriteSourceSize": {"x":0,"y":0,"w":101,"h":100},
	"sourceSize": {"w":101,"h":100}
},
"buttonWatchVideoBig0047":
{
	"frame": {"x":1770,"y":855,"w":101,"h":100},
	"rotated": false,
	"trimmed": false,
	"spriteSourceSize": {"x":0,"y":0,"w":101,"h":100},
	"sourceSize": {"w":101,"h":100}
},
"buttonWatchVideoBig0048":
{
	"frame": {"x":1260,"y":1032,"w":101,"h":100},
	"rotated": false,
	"trimmed": false,
	"spriteSourceSize": {"x":0,"y":0,"w":101,"h":100},
	"sourceSize": {"w":101,"h":100}
},
"buttonWatchVideoBig0049":
{
	"frame": {"x":1078,"y":1038,"w":101,"h":100},
	"rotated": false,
	"trimmed": false,
	"spriteSourceSize": {"x":0,"y":0,"w":101,"h":100},
	"sourceSize": {"w":101,"h":100}
},
"buttonWatchVideoBig0050":
{
	"frame": {"x":625,"y":1041,"w":101,"h":100},
	"rotated": false,
	"trimmed": false,
	"spriteSourceSize": {"x":0,"y":0,"w":101,"h":100},
	"sourceSize": {"w":101,"h":100}
},
"buttonWatchVideoBig0051":
{
	"frame": {"x":625,"y":1041,"w":101,"h":100},
	"rotated": false,
	"trimmed": false,
	"spriteSourceSize": {"x":0,"y":0,"w":101,"h":100},
	"sourceSize": {"w":101,"h":100}
},
"buttonWatchVideoBig0052":
{
	"frame": {"x":208,"y":1058,"w":101,"h":100},
	"rotated": false,
	"trimmed": false,
	"spriteSourceSize": {"x":0,"y":0,"w":101,"h":100},
	"sourceSize": {"w":101,"h":100}
},
"buttonWatchVideoBig0053":
{
	"frame": {"x":311,"y":1058,"w":101,"h":100},
	"rotated": false,
	"trimmed": false,
	"spriteSourceSize": {"x":0,"y":0,"w":101,"h":100},
	"sourceSize": {"w":101,"h":100}
},
"buttonWatchVideoBig0054":
{
	"frame": {"x":1363,"y":1058,"w":101,"h":100},
	"rotated": false,
	"trimmed": false,
	"spriteSourceSize": {"x":0,"y":0,"w":101,"h":100},
	"sourceSize": {"w":101,"h":100}
},
"buttonWatchVideoBig0055":
{
	"frame": {"x":1363,"y":1058,"w":101,"h":100},
	"rotated": false,
	"trimmed": false,
	"spriteSourceSize": {"x":0,"y":0,"w":101,"h":100},
	"sourceSize": {"w":101,"h":100}
},
"buttonWatchVideoBig0056":
{
	"frame": {"x":1672,"y":1059,"w":101,"h":100},
	"rotated": false,
	"trimmed": false,
	"spriteSourceSize": {"x":0,"y":0,"w":101,"h":100},
	"sourceSize": {"w":101,"h":100}
},
"buttonWatchVideoBig0057":
{
	"frame": {"x":1775,"y":1059,"w":101,"h":100},
	"rotated": false,
	"trimmed": false,
	"spriteSourceSize": {"x":0,"y":0,"w":101,"h":100},
	"sourceSize": {"w":101,"h":100}
},
"buttonWatchVideoBig0058":
{
	"frame": {"x":1878,"y":1059,"w":101,"h":100},
	"rotated": false,
	"trimmed": false,
	"spriteSourceSize": {"x":0,"y":0,"w":101,"h":100},
	"sourceSize": {"w":101,"h":100}
},
"buttonWatchVideoBig0059":
{
	"frame": {"x":2,"y":778,"w":101,"h":100},
	"rotated": false,
	"trimmed": false,
	"spriteSourceSize": {"x":0,"y":0,"w":101,"h":100},
	"sourceSize": {"w":101,"h":100}
},
"cell0000":
{
	"frame": {"x":975,"y":879,"w":76,"h":76},
	"rotated": false,
	"trimmed": false,
	"spriteSourceSize": {"x":0,"y":0,"w":76,"h":76},
	"sourceSize": {"w":76,"h":76}
},
"cell0001":
{
	"frame": {"x":1181,"y":1038,"w":76,"h":76},
	"rotated": false,
	"trimmed": false,
	"spriteSourceSize": {"x":0,"y":0,"w":76,"h":76},
	"sourceSize": {"w":76,"h":76}
},
"cell0002":
{
	"frame": {"x":1932,"y":1246,"w":76,"h":76},
	"rotated": false,
	"trimmed": false,
	"spriteSourceSize": {"x":0,"y":0,"w":76,"h":76},
	"sourceSize": {"w":76,"h":76}
},
"controlBarShadow0000":
{
	"frame": {"x":852,"y":585,"w":68,"h":60},
	"rotated": false,
	"trimmed": false,
	"spriteSourceSize": {"x":0,"y":0,"w":68,"h":60},
	"sourceSize": {"w":68,"h":60}
},
"errorSmile0000":
{
	"frame": {"x":86,"y":1251,"w":71,"h":74},
	"rotated": false,
	"trimmed": false,
	"spriteSourceSize": {"x":0,"y":0,"w":71,"h":74},
	"sourceSize": {"w":71,"h":74}
},
"iconBomb0000":
{
	"frame": {"x":759,"y":719,"w":88,"h":116},
	"rotated": false,
	"trimmed": false,
	"spriteSourceSize": {"x":0,"y":0,"w":88,"h":116},
	"sourceSize": {"w":88,"h":116}
},
"iconBomb0001":
{
	"frame": {"x":964,"y":761,"w":88,"h":116},
	"rotated": false,
	"trimmed": false,
	"spriteSourceSize": {"x":0,"y":0,"w":88,"h":116},
	"sourceSize": {"w":88,"h":116}
},
"iconHeadingAchievements0000":
{
	"frame": {"x":827,"y":1083,"w":95,"h":99},
	"rotated": false,
	"trimmed": false,
	"spriteSourceSize": {"x":0,"y":0,"w":95,"h":99},
	"sourceSize": {"w":95,"h":99}
},
"iconHeadingRevive0000":
{
	"frame": {"x":1432,"y":259,"w":272,"h":108},
	"rotated": false,
	"trimmed": false,
	"spriteSourceSize": {"x":0,"y":0,"w":272,"h":108},
	"sourceSize": {"w":272,"h":108}
},
"iconHeadingSettings0000":
{
	"frame": {"x":2,"y":1084,"w":95,"h":98},
	"rotated": false,
	"trimmed": false,
	"spriteSourceSize": {"x":0,"y":0,"w":95,"h":98},
	"sourceSize": {"w":95,"h":98}
},
"iconHeadingShop0000":
{
	"frame": {"x":109,"y":752,"w":102,"h":107},
	"rotated": false,
	"trimmed": false,
	"spriteSourceSize": {"x":0,"y":0,"w":102,"h":107},
	"sourceSize": {"w":102,"h":107}
},
"iconHeadingVictory0000":
{
	"frame": {"x":1715,"y":499,"w":143,"h":145},
	"rotated": false,
	"trimmed": false,
	"spriteSourceSize": {"x":0,"y":0,"w":143,"h":145},
	"sourceSize": {"w":143,"h":145}
},
"iconLightning0000":
{
	"frame": {"x":747,"y":585,"w":103,"h":132},
	"rotated": false,
	"trimmed": false,
	"spriteSourceSize": {"x":0,"y":0,"w":103,"h":132},
	"sourceSize": {"w":103,"h":132}
},
"iconLightning0001":
{
	"frame": {"x":351,"y":604,"w":103,"h":132},
	"rotated": false,
	"trimmed": false,
	"spriteSourceSize": {"x":0,"y":0,"w":103,"h":132},
	"sourceSize": {"w":103,"h":132}
},
"iconRevive0000":
{
	"frame": {"x":1223,"y":512,"w":160,"h":97},
	"rotated": false,
	"trimmed": false,
	"spriteSourceSize": {"x":0,"y":0,"w":160,"h":97},
	"sourceSize": {"w":160,"h":97}
},
"iconStarShop0000":
{
	"frame": {"x":1848,"y":1246,"w":82,"h":78},
	"rotated": false,
	"trimmed": false,
	"spriteSourceSize": {"x":0,"y":0,"w":82,"h":78},
	"sourceSize": {"w":82,"h":78}
},
"iconStarShopBig0000":
{
	"frame": {"x":1918,"y":2,"w":91,"h":90},
	"rotated": false,
	"trimmed": true,
	"spriteSourceSize": {"x":0,"y":0,"w":95,"h":94},
	"sourceSize": {"w":95,"h":94}
},
"iconStarShopBig0001":
{
	"frame": {"x":517,"y":1087,"w":95,"h":94},
	"rotated": false,
	"trimmed": false,
	"spriteSourceSize": {"x":0,"y":0,"w":95,"h":94},
	"sourceSize": {"w":95,"h":94}
},
"inscriptionAwesome0000":
{
	"frame": {"x":1036,"y":2,"w":439,"h":97},
	"rotated": false,
	"trimmed": false,
	"spriteSourceSize": {"x":0,"y":0,"w":439,"h":97},
	"sourceSize": {"w":439,"h":97}
},
"inscriptionExcellent0000":
{
	"frame": {"x":1477,"y":2,"w":439,"h":91},
	"rotated": false,
	"trimmed": false,
	"spriteSourceSize": {"x":0,"y":0,"w":439,"h":91},
	"sourceSize": {"w":439,"h":91}
},
"inscriptionGood0000":
{
	"frame": {"x":1032,"y":421,"w":253,"h":88},
	"rotated": false,
	"trimmed": false,
	"spriteSourceSize": {"x":0,"y":0,"w":253,"h":88},
	"sourceSize": {"w":253,"h":88}
},
"inscriptionGreat0000":
{
	"frame": {"x":1706,"y":259,"w":283,"h":92},
	"rotated": false,
	"trimmed": false,
	"spriteSourceSize": {"x":0,"y":0,"w":283,"h":92},
	"sourceSize": {"w":283,"h":92}
},
"itemPad0000":
{
	"frame": {"x":1287,"y":412,"w":89,"h":89},
	"rotated": false,
	"trimmed": true,
	"spriteSourceSize": {"x":4,"y":4,"w":97,"h":97},
	"sourceSize": {"w":97,"h":97}
},
"itemPad0001":
{
	"frame": {"x":728,"y":1072,"w":97,"h":97},
	"rotated": false,
	"trimmed": false,
	"spriteSourceSize": {"x":0,"y":0,"w":97,"h":97},
	"sourceSize": {"w":97,"h":97}
},
"lighting0000":
{
	"frame": {"x":2020,"y":974,"w":19,"h":142},
	"rotated": false,
	"trimmed": true,
	"spriteSourceSize": {"x":5,"y":0,"w":27,"h":142},
	"sourceSize": {"w":27,"h":142}
},
"lighting0001":
{
	"frame": {"x":2020,"y":974,"w":19,"h":142},
	"rotated": false,
	"trimmed": true,
	"spriteSourceSize": {"x":5,"y":0,"w":27,"h":142},
	"sourceSize": {"w":27,"h":142}
},
"lighting0002":
{
	"frame": {"x":2020,"y":830,"w":23,"h":142},
	"rotated": false,
	"trimmed": true,
	"spriteSourceSize": {"x":2,"y":0,"w":27,"h":142},
	"sourceSize": {"w":27,"h":142}
},
"lighting0003":
{
	"frame": {"x":2020,"y":830,"w":23,"h":142},
	"rotated": false,
	"trimmed": true,
	"spriteSourceSize": {"x":2,"y":0,"w":27,"h":142},
	"sourceSize": {"w":27,"h":142}
},
"lighting0004":
{
	"frame": {"x":2020,"y":830,"w":23,"h":142},
	"rotated": false,
	"trimmed": true,
	"spriteSourceSize": {"x":2,"y":0,"w":27,"h":142},
	"sourceSize": {"w":27,"h":142}
},
"lighting0005":
{
	"frame": {"x":1122,"y":1225,"w":27,"h":142},
	"rotated": false,
	"trimmed": false,
	"spriteSourceSize": {"x":0,"y":0,"w":27,"h":142},
	"sourceSize": {"w":27,"h":142}
},
"lighting0006":
{
	"frame": {"x":1122,"y":1225,"w":27,"h":142},
	"rotated": false,
	"trimmed": false,
	"spriteSourceSize": {"x":0,"y":0,"w":27,"h":142},
	"sourceSize": {"w":27,"h":142}
},
"lighting0007":
{
	"frame": {"x":2043,"y":94,"w":3,"h":111},
	"rotated": false,
	"trimmed": true,
	"spriteSourceSize": {"x":9,"y":16,"w":27,"h":142},
	"sourceSize": {"w":27,"h":142}
},
"lighting0008":
{
	"frame": {"x":2043,"y":94,"w":3,"h":111},
	"rotated": false,
	"trimmed": true,
	"spriteSourceSize": {"x":9,"y":16,"w":27,"h":142},
	"sourceSize": {"w":27,"h":142}
},
"lighting0009":
{
	"frame": {"x":1122,"y":1225,"w":27,"h":142},
	"rotated": false,
	"trimmed": false,
	"spriteSourceSize": {"x":0,"y":0,"w":27,"h":142},
	"sourceSize": {"w":27,"h":142}
},
"lighting0010":
{
	"frame": {"x":1122,"y":1225,"w":27,"h":142},
	"rotated": false,
	"trimmed": false,
	"spriteSourceSize": {"x":0,"y":0,"w":27,"h":142},
	"sourceSize": {"w":27,"h":142}
},
"lighting0011":
{
	"frame": {"x":2043,"y":94,"w":3,"h":111},
	"rotated": false,
	"trimmed": true,
	"spriteSourceSize": {"x":9,"y":16,"w":27,"h":142},
	"sourceSize": {"w":27,"h":142}
},
"lighting0012":
{
	"frame": {"x":2043,"y":94,"w":3,"h":111},
	"rotated": false,
	"trimmed": true,
	"spriteSourceSize": {"x":9,"y":16,"w":27,"h":142},
	"sourceSize": {"w":27,"h":142}
},
"lighting0013":
{
	"frame": {"x":1122,"y":1225,"w":27,"h":142},
	"rotated": false,
	"trimmed": false,
	"spriteSourceSize": {"x":0,"y":0,"w":27,"h":142},
	"sourceSize": {"w":27,"h":142}
},
"lighting0014":
{
	"frame": {"x":1122,"y":1225,"w":27,"h":142},
	"rotated": false,
	"trimmed": false,
	"spriteSourceSize": {"x":0,"y":0,"w":27,"h":142},
	"sourceSize": {"w":27,"h":142}
},
"lightingEnd0000":
{
	"frame": {"x":1432,"y":101,"w":29,"h":142},
	"rotated": false,
	"trimmed": true,
	"spriteSourceSize": {"x":2,"y":0,"w":31,"h":142},
	"sourceSize": {"w":31,"h":142}
},
"lightingEnd0001":
{
	"frame": {"x":1432,"y":101,"w":29,"h":142},
	"rotated": false,
	"trimmed": true,
	"spriteSourceSize": {"x":2,"y":0,"w":31,"h":142},
	"sourceSize": {"w":31,"h":142}
},
"lightingEnd0002":
{
	"frame": {"x":1092,"y":1225,"w":28,"h":141},
	"rotated": false,
	"trimmed": true,
	"spriteSourceSize": {"x":2,"y":1,"w":31,"h":142},
	"sourceSize": {"w":31,"h":142}
},
"lightingEnd0003":
{
	"frame": {"x":1092,"y":1225,"w":28,"h":141},
	"rotated": false,
	"trimmed": true,
	"spriteSourceSize": {"x":2,"y":1,"w":31,"h":142},
	"sourceSize": {"w":31,"h":142}
},
"lightingEnd0004":
{
	"frame": {"x":1675,"y":369,"w":28,"h":103},
	"rotated": false,
	"trimmed": true,
	"spriteSourceSize": {"x":0,"y":4,"w":31,"h":142},
	"sourceSize": {"w":31,"h":142}
},
"lightingEnd0005":
{
	"frame": {"x":1675,"y":369,"w":28,"h":103},
	"rotated": false,
	"trimmed": true,
	"spriteSourceSize": {"x":0,"y":4,"w":31,"h":142},
	"sourceSize": {"w":31,"h":142}
},
"lightingEnd0006":
{
	"frame": {"x":1675,"y":369,"w":28,"h":103},
	"rotated": false,
	"trimmed": true,
	"spriteSourceSize": {"x":0,"y":4,"w":31,"h":142},
	"sourceSize": {"w":31,"h":142}
},
"lightingEnd0007":
{
	"frame": {"x":1675,"y":369,"w":28,"h":103},
	"rotated": false,
	"trimmed": true,
	"spriteSourceSize": {"x":0,"y":4,"w":31,"h":142},
	"sourceSize": {"w":31,"h":142}
},
"lightingEnd0008":
{
	"frame": {"x":1378,"y":265,"w":29,"h":102},
	"rotated": false,
	"trimmed": true,
	"spriteSourceSize": {"x":1,"y":1,"w":31,"h":142},
	"sourceSize": {"w":31,"h":142}
},
"lightingEnd0009":
{
	"frame": {"x":1378,"y":265,"w":29,"h":102},
	"rotated": false,
	"trimmed": true,
	"spriteSourceSize": {"x":1,"y":1,"w":31,"h":142},
	"sourceSize": {"w":31,"h":142}
},
"lightingEnd0010":
{
	"frame": {"x":1378,"y":265,"w":29,"h":102},
	"rotated": false,
	"trimmed": true,
	"spriteSourceSize": {"x":1,"y":1,"w":31,"h":142},
	"sourceSize": {"w":31,"h":142}
},
"lightingEnd0011":
{
	"frame": {"x":1378,"y":265,"w":29,"h":102},
	"rotated": false,
	"trimmed": true,
	"spriteSourceSize": {"x":1,"y":1,"w":31,"h":142},
	"sourceSize": {"w":31,"h":142}
},
"lightingEnd0012":
{
	"frame": {"x":1378,"y":265,"w":29,"h":102},
	"rotated": false,
	"trimmed": true,
	"spriteSourceSize": {"x":1,"y":1,"w":31,"h":142},
	"sourceSize": {"w":31,"h":142}
},
"musicControlBar0000":
{
	"frame": {"x":667,"y":1268,"w":253,"h":25},
	"rotated": false,
	"trimmed": false,
	"spriteSourceSize": {"x":0,"y":0,"w":253,"h":25},
	"sourceSize": {"w":253,"h":25}
},
"musicControlIcon0000":
{
	"frame": {"x":964,"y":654,"w":105,"h":105},
	"rotated": false,
	"trimmed": false,
	"spriteSourceSize": {"x":0,"y":0,"w":105,"h":105},
	"sourceSize": {"w":105,"h":105}
},
"musicControlIcon0001":
{
	"frame": {"x":2,"y":671,"w":105,"h":105},
	"rotated": false,
	"trimmed": false,
	"spriteSourceSize": {"x":0,"y":0,"w":105,"h":105},
	"sourceSize": {"w":105,"h":105}
},
"musicControlPad0000":
{
	"frame": {"x":351,"y":549,"w":284,"h":53},
	"rotated": false,
	"trimmed": false,
	"spriteSourceSize": {"x":0,"y":0,"w":284,"h":53},
	"sourceSize": {"w":284,"h":53}
},
"musicControlSlider0000":
{
	"frame": {"x":1991,"y":255,"w":52,"h":72},
	"rotated": false,
	"trimmed": false,
	"spriteSourceSize": {"x":0,"y":0,"w":52,"h":72},
	"sourceSize": {"w":52,"h":72}
},
"newBestIcon0000":
{
	"frame": {"x":1549,"y":369,"w":124,"h":126},
	"rotated": false,
	"trimmed": false,
	"spriteSourceSize": {"x":0,"y":0,"w":124,"h":126},
	"sourceSize": {"w":124,"h":126}
},
"okaySign0000":
{
	"frame": {"x":1505,"y":854,"w":45,"h":41},
	"rotated": false,
	"trimmed": false,
	"spriteSourceSize": {"x":0,"y":0,"w":45,"h":41},
	"sourceSize": {"w":45,"h":41}
},
"plusSign0000":
{
	"frame": {"x":1981,"y":1118,"w":40,"h":41},
	"rotated": false,
	"trimmed": false,
	"spriteSourceSize": {"x":0,"y":0,"w":40,"h":41},
	"sourceSize": {"w":40,"h":41}
},
"resultsIconCup0000":
{
	"frame": {"x":852,"y":654,"w":110,"h":109},
	"rotated": false,
	"trimmed": false,
	"spriteSourceSize": {"x":0,"y":0,"w":110,"h":109},
	"sourceSize": {"w":110,"h":109}
},
"resultsIconStar0000":
{
	"frame": {"x":1385,"y":512,"w":122,"h":119},
	"rotated": false,
	"trimmed": false,
	"spriteSourceSize": {"x":0,"y":0,"w":122,"h":119},
	"sourceSize": {"w":122,"h":119}
},
"resultsScorePad0000":
{
	"frame": {"x":1564,"y":762,"w":199,"h":53},
	"rotated": false,
	"trimmed": false,
	"spriteSourceSize": {"x":0,"y":0,"w":199,"h":53},
	"sourceSize": {"w":199,"h":53}
},
"reviveCircle0000":
{
	"frame": {"x":692,"y":2,"w":342,"h":345},
	"rotated": false,
	"trimmed": false,
	"spriteSourceSize": {"x":0,"y":0,"w":342,"h":345},
	"sourceSize": {"w":342,"h":345}
},
"scorePad0000":
{
	"frame": {"x":834,"y":1295,"w":132,"h":36},
	"rotated": false,
	"trimmed": false,
	"spriteSourceSize": {"x":0,"y":0,"w":132,"h":36},
	"sourceSize": {"w":132,"h":36}
},
"sfxControlIcon0000":
{
	"frame": {"x":1192,"y":727,"w":105,"h":105},
	"rotated": false,
	"trimmed": false,
	"spriteSourceSize": {"x":0,"y":0,"w":105,"h":105},
	"sourceSize": {"w":105,"h":105}
},
"sfxControlIcon0001":
{
	"frame": {"x":238,"y":747,"w":105,"h":105},
	"rotated": false,
	"trimmed": false,
	"spriteSourceSize": {"x":0,"y":0,"w":105,"h":105},
	"sourceSize": {"w":105,"h":105}
},
"shopGetForFree0000":
{
	"frame": {"x":168,"y":549,"w":181,"h":85},
	"rotated": false,
	"trimmed": false,
	"spriteSourceSize": {"x":0,"y":0,"w":181,"h":85},
	"sourceSize": {"w":181,"h":85}
},
"shopPricePad0000":
{
	"frame": {"x":573,"y":719,"w":184,"h":60},
	"rotated": false,
	"trimmed": false,
	"spriteSourceSize": {"x":0,"y":0,"w":184,"h":60},
	"sourceSize": {"w":184,"h":60}
},
"shopPricePadBig0000":
{
	"frame": {"x":681,"y":498,"w":253,"h":85},
	"rotated": false,
	"trimmed": false,
	"spriteSourceSize": {"x":0,"y":0,"w":253,"h":85},
	"sourceSize": {"w":253,"h":85}
},
"star0000":
{
	"frame": {"x":1082,"y":511,"w":139,"h":136},
	"rotated": false,
	"trimmed": false,
	"spriteSourceSize": {"x":0,"y":0,"w":139,"h":136},
	"sourceSize": {"w":139,"h":136}
},
"starShadow0000":
{
	"frame": {"x":573,"y":604,"w":61,"h":56},
	"rotated": false,
	"trimmed": false,
	"spriteSourceSize": {"x":0,"y":0,"w":61,"h":56},
	"sourceSize": {"w":61,"h":56}
},
"starShining0000":
{
	"frame": {"x":936,"y":511,"w":144,"h":141},
	"rotated": false,
	"trimmed": false,
	"spriteSourceSize": {"x":0,"y":0,"w":144,"h":141},
	"sourceSize": {"w":144,"h":141}
},
"textGold_00000":
{
	"frame": {"x":1976,"y":882,"w":40,"h":46},
	"rotated": false,
	"trimmed": false,
	"spriteSourceSize": {"x":0,"y":0,"w":40,"h":46},
	"sourceSize": {"w":40,"h":46}
},
"textGold_10000":
{
	"frame": {"x":1409,"y":265,"w":20,"h":46},
	"rotated": false,
	"trimmed": false,
	"spriteSourceSize": {"x":0,"y":0,"w":20,"h":46},
	"sourceSize": {"w":20,"h":46}
},
"textGold_20000":
{
	"frame": {"x":510,"y":1267,"w":32,"h":46},
	"rotated": false,
	"trimmed": false,
	"spriteSourceSize": {"x":0,"y":0,"w":32,"h":46},
	"sourceSize": {"w":32,"h":46}
},
"textGold_30000":
{
	"frame": {"x":544,"y":1267,"w":32,"h":46},
	"rotated": false,
	"trimmed": false,
	"spriteSourceSize": {"x":0,"y":0,"w":32,"h":46},
	"sourceSize": {"w":32,"h":46}
},
"textGold_40000":
{
	"frame": {"x":867,"y":1184,"w":36,"h":46},
	"rotated": false,
	"trimmed": false,
	"spriteSourceSize": {"x":0,"y":0,"w":36,"h":46},
	"sourceSize": {"w":36,"h":46}
},
"textGold_50000":
{
	"frame": {"x":2,"y":1268,"w":32,"h":46},
	"rotated": false,
	"trimmed": false,
	"spriteSourceSize": {"x":0,"y":0,"w":32,"h":46},
	"sourceSize": {"w":32,"h":46}
},
"textGold_60000":
{
	"frame": {"x":1008,"y":1172,"w":36,"h":46},
	"rotated": false,
	"trimmed": false,
	"spriteSourceSize": {"x":0,"y":0,"w":36,"h":46},
	"sourceSize": {"w":36,"h":46}
},
"textGold_70000":
{
	"frame": {"x":522,"y":929,"w":30,"h":46},
	"rotated": false,
	"trimmed": false,
	"spriteSourceSize": {"x":0,"y":0,"w":30,"h":46},
	"sourceSize": {"w":30,"h":46}
},
"textGold_80000":
{
	"frame": {"x":1558,"y":1181,"w":36,"h":46},
	"rotated": false,
	"trimmed": false,
	"spriteSourceSize": {"x":0,"y":0,"w":36,"h":46},
	"sourceSize": {"w":36,"h":46}
},
"textGold_90000":
{
	"frame": {"x":1520,"y":1181,"w":36,"h":46},
	"rotated": false,
	"trimmed": false,
	"spriteSourceSize": {"x":0,"y":0,"w":36,"h":46},
	"sourceSize": {"w":36,"h":46}
},
"textGold_percent0000":
{
	"frame": {"x":1457,"y":633,"w":48,"h":46},
	"rotated": false,
	"trimmed": false,
	"spriteSourceSize": {"x":0,"y":0,"w":48,"h":46},
	"sourceSize": {"w":48,"h":46}
},
"textGold_plus0000":
{
	"frame": {"x":121,"y":602,"w":26,"h":28},
	"rotated": false,
	"trimmed": false,
	"spriteSourceSize": {"x":0,"y":0,"w":26,"h":28},
	"sourceSize": {"w":26,"h":28}
},
"textGold_x0000":
{
	"frame": {"x":637,"y":547,"w":30,"h":34},
	"rotated": false,
	"trimmed": false,
	"spriteSourceSize": {"x":0,"y":0,"w":30,"h":34},
	"sourceSize": {"w":30,"h":34}
},
"textGrayscale_00000":
{
	"frame": {"x":121,"y":550,"w":44,"h":50},
	"rotated": false,
	"trimmed": false,
	"spriteSourceSize": {"x":0,"y":0,"w":44,"h":50},
	"sourceSize": {"w":44,"h":50}
},
"textGrayscale_10000":
{
	"frame": {"x":1177,"y":1322,"w":24,"h":50},
	"rotated": false,
	"trimmed": false,
	"spriteSourceSize": {"x":0,"y":0,"w":24,"h":50},
	"sourceSize": {"w":24,"h":50}
},
"textGrayscale_20000":
{
	"frame": {"x":1260,"y":834,"w":36,"h":50},
	"rotated": false,
	"trimmed": false,
	"spriteSourceSize": {"x":0,"y":0,"w":36,"h":50},
	"sourceSize": {"w":36,"h":50}
},
"textGrayscale_30000":
{
	"frame": {"x":1509,"y":564,"w":36,"h":50},
	"rotated": false,
	"trimmed": false,
	"spriteSourceSize": {"x":0,"y":0,"w":36,"h":50},
	"sourceSize": {"w":36,"h":50}
},
"textGrayscale_40000":
{
	"frame": {"x":666,"y":781,"w":40,"h":50},
	"rotated": false,
	"trimmed": false,
	"spriteSourceSize": {"x":0,"y":0,"w":40,"h":50},
	"sourceSize": {"w":40,"h":50}
},
"textGrayscale_50000":
{
	"frame": {"x":1509,"y":512,"w":36,"h":50},
	"rotated": false,
	"trimmed": false,
	"spriteSourceSize": {"x":0,"y":0,"w":36,"h":50},
	"sourceSize": {"w":36,"h":50}
},
"textGrayscale_60000":
{
	"frame": {"x":1457,"y":681,"w":40,"h":50},
	"rotated": false,
	"trimmed": false,
	"spriteSourceSize": {"x":0,"y":0,"w":40,"h":50},
	"sourceSize": {"w":40,"h":50}
},
"textGrayscale_70000":
{
	"frame": {"x":1078,"y":968,"w":35,"h":50},
	"rotated": false,
	"trimmed": false,
	"spriteSourceSize": {"x":0,"y":0,"w":35,"h":50},
	"sourceSize": {"w":35,"h":50}
},
"textGrayscale_80000":
{
	"frame": {"x":1976,"y":830,"w":40,"h":50},
	"rotated": false,
	"trimmed": false,
	"spriteSourceSize": {"x":0,"y":0,"w":40,"h":50},
	"sourceSize": {"w":40,"h":50}
},
"textGrayscale_90000":
{
	"frame": {"x":708,"y":781,"w":40,"h":50},
	"rotated": false,
	"trimmed": false,
	"spriteSourceSize": {"x":0,"y":0,"w":40,"h":50},
	"sourceSize": {"w":40,"h":50}
},
"textGrayscale_percent0000":
{
	"frame": {"x":1977,"y":683,"w":52,"h":50},
	"rotated": false,
	"trimmed": false,
	"spriteSourceSize": {"x":0,"y":0,"w":52,"h":50},
	"sourceSize": {"w":52,"h":50}
},
"textGrayscale_plus0000":
{
	"frame": {"x":2011,"y":60,"w":31,"h":32},
	"rotated": false,
	"trimmed": false,
	"spriteSourceSize": {"x":0,"y":0,"w":31,"h":32},
	"sourceSize": {"w":31,"h":32}
},
"textGrayscale_x0000":
{
	"frame": {"x":1260,"y":886,"w":34,"h":38},
	"rotated": false,
	"trimmed": false,
	"spriteSourceSize": {"x":0,"y":0,"w":34,"h":38},
	"sourceSize": {"w":34,"h":38}
},
"textMultiplierGrey_00000":
{
	"frame": {"x":769,"y":837,"w":24,"h":28},
	"rotated": false,
	"trimmed": false,
	"spriteSourceSize": {"x":0,"y":0,"w":24,"h":28},
	"sourceSize": {"w":24,"h":28}
},
"textMultiplierGrey_10000":
{
	"frame": {"x":1860,"y":528,"w":14,"h":27},
	"rotated": false,
	"trimmed": false,
	"spriteSourceSize": {"x":0,"y":0,"w":14,"h":27},
	"sourceSize": {"w":14,"h":27}
},
"textMultiplierGrey_20000":
{
	"frame": {"x":1645,"y":1123,"w":20,"h":27},
	"rotated": false,
	"trimmed": false,
	"spriteSourceSize": {"x":0,"y":0,"w":20,"h":27},
	"sourceSize": {"w":20,"h":27}
},
"textMultiplierGrey_30000":
{
	"frame": {"x":2023,"y":1118,"w":20,"h":28},
	"rotated": false,
	"trimmed": false,
	"spriteSourceSize": {"x":0,"y":0,"w":20,"h":28},
	"sourceSize": {"w":20,"h":28}
},
"textMultiplierGrey_40000":
{
	"frame": {"x":1597,"y":1123,"w":22,"h":26},
	"rotated": false,
	"trimmed": false,
	"spriteSourceSize": {"x":0,"y":0,"w":22,"h":26},
	"sourceSize": {"w":22,"h":26}
},
"textMultiplierGrey_50000":
{
	"frame": {"x":183,"y":1167,"w":20,"h":26},
	"rotated": false,
	"trimmed": false,
	"spriteSourceSize": {"x":0,"y":0,"w":20,"h":26},
	"sourceSize": {"w":20,"h":26}
},
"textMultiplierGrey_60000":
{
	"frame": {"x":213,"y":806,"w":22,"h":28},
	"rotated": false,
	"trimmed": false,
	"spriteSourceSize": {"x":0,"y":0,"w":22,"h":28},
	"sourceSize": {"w":22,"h":28}
},
"textMultiplierGrey_70000":
{
	"frame": {"x":699,"y":1143,"w":20,"h":26},
	"rotated": false,
	"trimmed": false,
	"spriteSourceSize": {"x":0,"y":0,"w":20,"h":26},
	"sourceSize": {"w":20,"h":26}
},
"textMultiplierGrey_80000":
{
	"frame": {"x":821,"y":837,"w":22,"h":28},
	"rotated": false,
	"trimmed": false,
	"spriteSourceSize": {"x":0,"y":0,"w":22,"h":28},
	"sourceSize": {"w":22,"h":28}
},
"textMultiplierGrey_90000":
{
	"frame": {"x":1735,"y":919,"w":22,"h":28},
	"rotated": false,
	"trimmed": false,
	"spriteSourceSize": {"x":0,"y":0,"w":22,"h":28},
	"sourceSize": {"w":22,"h":28}
},
"textMultiplierGrey_x0000":
{
	"frame": {"x":2021,"y":329,"w":18,"h":18},
	"rotated": false,
	"trimmed": false,
	"spriteSourceSize": {"x":0,"y":0,"w":18,"h":18},
	"sourceSize": {"w":18,"h":18}
},
"textMultiplier_00000":
{
	"frame": {"x":795,"y":837,"w":24,"h":28},
	"rotated": false,
	"trimmed": false,
	"spriteSourceSize": {"x":0,"y":0,"w":24,"h":28},
	"sourceSize": {"w":24,"h":28}
},
"textMultiplier_10000":
{
	"frame": {"x":1860,"y":499,"w":14,"h":27},
	"rotated": false,
	"trimmed": false,
	"spriteSourceSize": {"x":0,"y":0,"w":14,"h":27},
	"sourceSize": {"w":14,"h":27}
},
"textMultiplier_20000":
{
	"frame": {"x":924,"y":1128,"w":20,"h":27},
	"rotated": false,
	"trimmed": false,
	"spriteSourceSize": {"x":0,"y":0,"w":20,"h":27},
	"sourceSize": {"w":20,"h":27}
},
"textMultiplier_30000":
{
	"frame": {"x":1409,"y":313,"w":20,"h":28},
	"rotated": false,
	"trimmed": false,
	"spriteSourceSize": {"x":0,"y":0,"w":20,"h":28},
	"sourceSize": {"w":20,"h":28}
},
"textMultiplier_40000":
{
	"frame": {"x":1621,"y":1123,"w":22,"h":26},
	"rotated": false,
	"trimmed": false,
	"spriteSourceSize": {"x":0,"y":0,"w":22,"h":26},
	"sourceSize": {"w":22,"h":26}
},
"textMultiplier_50000":
{
	"frame": {"x":583,"y":1183,"w":20,"h":26},
	"rotated": false,
	"trimmed": false,
	"spriteSourceSize": {"x":0,"y":0,"w":20,"h":26},
	"sourceSize": {"w":20,"h":26}
},
"textMultiplier_60000":
{
	"frame": {"x":1672,"y":1021,"w":22,"h":28},
	"rotated": false,
	"trimmed": false,
	"spriteSourceSize": {"x":0,"y":0,"w":22,"h":28},
	"sourceSize": {"w":22,"h":28}
},
"textMultiplier_70000":
{
	"frame": {"x":1046,"y":1172,"w":20,"h":26},
	"rotated": false,
	"trimmed": false,
	"spriteSourceSize": {"x":0,"y":0,"w":20,"h":26},
	"sourceSize": {"w":20,"h":26}
},
"textMultiplier_80000":
{
	"frame": {"x":728,"y":1041,"w":22,"h":28},
	"rotated": false,
	"trimmed": false,
	"spriteSourceSize": {"x":0,"y":0,"w":22,"h":28},
	"sourceSize": {"w":22,"h":28}
},
"textMultiplier_90000":
{
	"frame": {"x":1711,"y":919,"w":22,"h":28},
	"rotated": false,
	"trimmed": false,
	"spriteSourceSize": {"x":0,"y":0,"w":22,"h":28},
	"sourceSize": {"w":22,"h":28}
},
"textMultiplier_x0000":
{
	"frame": {"x":1409,"y":343,"w":18,"h":18},
	"rotated": false,
	"trimmed": false,
	"spriteSourceSize": {"x":0,"y":0,"w":18,"h":18},
	"sourceSize": {"w":18,"h":18}
},
"topScoreCrown0000":
{
	"frame": {"x":1991,"y":329,"w":28,"h":22},
	"rotated": false,
	"trimmed": false,
	"spriteSourceSize": {"x":0,"y":0,"w":28,"h":22},
	"sourceSize": {"w":28,"h":22}
},
"transitionSquare0000":
{
	"frame": {"x":849,"y":765,"w":101,"h":101},
	"rotated": false,
	"trimmed": false,
	"spriteSourceSize": {"x":0,"y":0,"w":101,"h":101},
	"sourceSize": {"w":101,"h":101}
},
"tutorialHand0000":
{
	"frame": {"x":637,"y":585,"w":108,"h":127},
	"rotated": false,
	"trimmed": false,
	"spriteSourceSize": {"x":0,"y":0,"w":108,"h":127},
	"sourceSize": {"w":108,"h":127}
},
"tutorialHand0001":
{
	"frame": {"x":1082,"y":649,"w":108,"h":112},
	"rotated": false,
	"trimmed": true,
	"spriteSourceSize": {"x":0,"y":15,"w":108,"h":127},
	"sourceSize": {"w":108,"h":127}
},
"uiIconCup0000":
{
	"frame": {"x":1770,"y":761,"w":82,"h":88},
	"rotated": false,
	"trimmed": false,
	"spriteSourceSize": {"x":0,"y":0,"w":82,"h":88},
	"sourceSize": {"w":82,"h":88}
},
"uiIconStar0000":
{
	"frame": {"x":238,"y":636,"w":111,"h":109},
	"rotated": false,
	"trimmed": false,
	"spriteSourceSize": {"x":0,"y":0,"w":111,"h":109},
	"sourceSize": {"w":111,"h":109}
},
"windowHeadingBackplate0000":
{
	"frame": {"x":2,"y":2,"w":345,"h":404},
	"rotated": false,
	"trimmed": false,
	"spriteSourceSize": {"x":0,"y":0,"w":345,"h":404},
	"sourceSize": {"w":345,"h":404}
},
"windowHeadingBackplate0001":
{
	"frame": {"x":349,"y":2,"w":341,"h":400},
	"rotated": false,
	"trimmed": true,
	"spriteSourceSize": {"x":2,"y":1,"w":345,"h":404},
	"sourceSize": {"w":345,"h":404}
}},
"meta": {
	"app": "Adobe Animate",
	"version": "18.0.0.107",
	"image": "assets.png",
	"format": "RGBA8888",
	"size": {"w":2048,"h":2048},
	"scale": "1"
}
}
