{"frames": {

"blackSquare0000":
{
	"frame": {"x":442,"y":340,"w":101,"h":101},
	"rotated": false,
	"trimmed": false,
	"spriteSourceSize": {"x":0,"y":0,"w":101,"h":101},
	"sourceSize": {"w":101,"h":101}
},
"leaf10000":
{
	"frame": {"x":442,"y":450,"w":208,"h":77},
	"rotated": false,
	"trimmed": false,
	"spriteSourceSize": {"x":0,"y":0,"w":208,"h":77},
	"sourceSize": {"w":208,"h":77}
},
"leaf20000":
{
	"frame": {"x":735,"y":340,"w":214,"h":263},
	"rotated": false,
	"trimmed": false,
	"spriteSourceSize": {"x":0,"y":0,"w":214,"h":263},
	"sourceSize": {"w":214,"h":263}
},
"leaf30000":
{
	"frame": {"x":735,"y":2,"w":199,"h":336},
	"rotated": false,
	"trimmed": false,
	"spriteSourceSize": {"x":0,"y":0,"w":199,"h":336},
	"sourceSize": {"w":199,"h":336}
},
"leaf40000":
{
	"frame": {"x":582,"y":2,"w":151,"h":446},
	"rotated": false,
	"trimmed": false,
	"spriteSourceSize": {"x":0,"y":0,"w":151,"h":446},
	"sourceSize": {"w":151,"h":446}
},
"leaf50000":
{
	"frame": {"x":223,"y":340,"w":217,"h":229},
	"rotated": false,
	"trimmed": false,
	"spriteSourceSize": {"x":0,"y":0,"w":217,"h":229},
	"sourceSize": {"w":217,"h":229}
},
"leaf60000":
{
	"frame": {"x":2,"y":340,"w":219,"h":235},
	"rotated": false,
	"trimmed": false,
	"spriteSourceSize": {"x":0,"y":0,"w":219,"h":235},
	"sourceSize": {"w":219,"h":235}
},
"logo0000":
{
	"frame": {"x":2,"y":2,"w":578,"h":336},
	"rotated": false,
	"trimmed": false,
	"spriteSourceSize": {"x":0,"y":0,"w":578,"h":336},
	"sourceSize": {"w":578,"h":336}
},
"preloadBar0000":
{
	"frame": {"x":565,"y":605,"w":314,"h":51},
	"rotated": false,
	"trimmed": false,
	"spriteSourceSize": {"x":0,"y":0,"w":314,"h":51},
	"sourceSize": {"w":314,"h":51}
},
"preloadBar0001":
{
	"frame": {"x":2,"y":647,"w":314,"h":51},
	"rotated": false,
	"trimmed": false,
	"spriteSourceSize": {"x":0,"y":0,"w":314,"h":51},
	"sourceSize": {"w":314,"h":51}
},
"preloadBar0002":
{
	"frame": {"x":318,"y":658,"w":314,"h":51},
	"rotated": false,
	"trimmed": false,
	"spriteSourceSize": {"x":0,"y":0,"w":314,"h":51},
	"sourceSize": {"w":314,"h":51}
},
"preloadBar0003":
{
	"frame": {"x":2,"y":700,"w":314,"h":51},
	"rotated": false,
	"trimmed": false,
	"spriteSourceSize": {"x":0,"y":0,"w":314,"h":51},
	"sourceSize": {"w":314,"h":51}
},
"preloadBar0004":
{
	"frame": {"x":634,"y":658,"w":314,"h":51},
	"rotated": false,
	"trimmed": false,
	"spriteSourceSize": {"x":0,"y":0,"w":314,"h":51},
	"sourceSize": {"w":314,"h":51}
},
"preloadBar0005":
{
	"frame": {"x":318,"y":711,"w":314,"h":51},
	"rotated": false,
	"trimmed": false,
	"spriteSourceSize": {"x":0,"y":0,"w":314,"h":51},
	"sourceSize": {"w":314,"h":51}
},
"preloadBar0006":
{
	"frame": {"x":2,"y":753,"w":314,"h":51},
	"rotated": false,
	"trimmed": false,
	"spriteSourceSize": {"x":0,"y":0,"w":314,"h":51},
	"sourceSize": {"w":314,"h":51}
},
"preloadBar0007":
{
	"frame": {"x":634,"y":711,"w":314,"h":51},
	"rotated": false,
	"trimmed": false,
	"spriteSourceSize": {"x":0,"y":0,"w":314,"h":51},
	"sourceSize": {"w":314,"h":51}
},
"preloadBar0008":
{
	"frame": {"x":318,"y":764,"w":314,"h":51},
	"rotated": false,
	"trimmed": false,
	"spriteSourceSize": {"x":0,"y":0,"w":314,"h":51},
	"sourceSize": {"w":314,"h":51}
},
"preloadBar0009":
{
	"frame": {"x":2,"y":806,"w":314,"h":51},
	"rotated": false,
	"trimmed": false,
	"spriteSourceSize": {"x":0,"y":0,"w":314,"h":51},
	"sourceSize": {"w":314,"h":51}
},
"preloaderBack0000":
{
	"frame": {"x":223,"y":571,"w":340,"h":74},
	"rotated": false,
	"trimmed": false,
	"spriteSourceSize": {"x":0,"y":0,"w":340,"h":74},
	"sourceSize": {"w":340,"h":74}
},
"preloaderBar0000":
{
	"frame": {"x":565,"y":605,"w":314,"h":51},
	"rotated": false,
	"trimmed": false,
	"spriteSourceSize": {"x":0,"y":0,"w":314,"h":51},
	"sourceSize": {"w":314,"h":51}
},
"textGold_00000":
{
	"frame": {"x":545,"y":366,"w":20,"h":24},
	"rotated": false,
	"trimmed": false,
	"spriteSourceSize": {"x":0,"y":0,"w":20,"h":24},
	"sourceSize": {"w":20,"h":24}
},
"textGold_10000":
{
	"frame": {"x":565,"y":392,"w":10,"h":24},
	"rotated": false,
	"trimmed": false,
	"spriteSourceSize": {"x":0,"y":0,"w":10,"h":24},
	"sourceSize": {"w":10,"h":24}
},
"textGold_20000":
{
	"frame": {"x":901,"y":605,"w":16,"h":24},
	"rotated": false,
	"trimmed": false,
	"spriteSourceSize": {"x":0,"y":0,"w":16,"h":24},
	"sourceSize": {"w":16,"h":24}
},
"textGold_30000":
{
	"frame": {"x":919,"y":605,"w":16,"h":24},
	"rotated": false,
	"trimmed": false,
	"spriteSourceSize": {"x":0,"y":0,"w":16,"h":24},
	"sourceSize": {"w":16,"h":24}
},
"textGold_40000":
{
	"frame": {"x":545,"y":418,"w":18,"h":24},
	"rotated": false,
	"trimmed": false,
	"spriteSourceSize": {"x":0,"y":0,"w":18,"h":24},
	"sourceSize": {"w":18,"h":24}
},
"textGold_50000":
{
	"frame": {"x":919,"y":631,"w":16,"h":24},
	"rotated": false,
	"trimmed": false,
	"spriteSourceSize": {"x":0,"y":0,"w":16,"h":24},
	"sourceSize": {"w":16,"h":24}
},
"textGold_60000":
{
	"frame": {"x":545,"y":392,"w":18,"h":24},
	"rotated": false,
	"trimmed": false,
	"spriteSourceSize": {"x":0,"y":0,"w":18,"h":24},
	"sourceSize": {"w":18,"h":24}
},
"textGold_70000":
{
	"frame": {"x":901,"y":631,"w":16,"h":24},
	"rotated": false,
	"trimmed": false,
	"spriteSourceSize": {"x":0,"y":0,"w":16,"h":24},
	"sourceSize": {"w":16,"h":24}
},
"textGold_80000":
{
	"frame": {"x":881,"y":605,"w":18,"h":24},
	"rotated": false,
	"trimmed": false,
	"spriteSourceSize": {"x":0,"y":0,"w":18,"h":24},
	"sourceSize": {"w":18,"h":24}
},
"textGold_90000":
{
	"frame": {"x":881,"y":631,"w":18,"h":24},
	"rotated": false,
	"trimmed": false,
	"spriteSourceSize": {"x":0,"y":0,"w":18,"h":24},
	"sourceSize": {"w":18,"h":24}
},
"textGold_percent0000":
{
	"frame": {"x":545,"y":340,"w":24,"h":24},
	"rotated": false,
	"trimmed": false,
	"spriteSourceSize": {"x":0,"y":0,"w":24,"h":24},
	"sourceSize": {"w":24,"h":24}
},
"textGold_x0000":
{
	"frame": {"x":937,"y":605,"w":16,"h":18},
	"rotated": false,
	"trimmed": false,
	"spriteSourceSize": {"x":0,"y":0,"w":16,"h":18},
	"sourceSize": {"w":16,"h":18}
}},
"meta": {
	"app": "Adobe Animate",
	"version": "18.0.0.107",
	"image": "preloader.png",
	"format": "RGBA8888",
	"size": {"w":1024,"h":1024},
	"scale": "1"
}
}
