[
    {
      "difficulty": "hard_1",
      "initialKnivesAngles": [0, 20, 40, 180, 200, 220],
      "knivesCount": 8,
      "rotation": [
        [2.2, 800], 
        [1, -180], 
        [1],
        [3, -600]
      ]
    },

    {
      "difficulty": "hard_2",
      "initialKnivesAngles": [0, 60, 120, 180, 240, 300],
      "knivesCount": 6,
      "rotation": [
        [1, 500], 
        [1, 200]
      ]
    },

    {
      "difficulty": "hard_3",
      "initialKnivesAngles": [0, 45, 90, 135, 180, 225, 270, 315],
      "knivesCount": 8,
      "rotation": [
        [1.3, -380], 
        [1.8, -120]
      ]
    },

    {
      "difficulty": "hard_4",
      "initialKnivesAngles": [0, 60, 180, 240],
      "knivesCount": 9,
      "rotation": [
        [1.3, 500], 
        [0.1, 0],
        [0.1],
        [1, -300], 
        [0.4],
        [0.1, 0], 
        [0.1]
      ]
    },

    {
      "difficulty": "hard_5",
      "initialKnivesAngles": [0, 180],
      "knivesCount": 10,
      "rotation": [
        [0.9, 1000], 
        [0.3],
        [2, 0], 
        [0.9, -260],
        [0.2, 0], 
        [0.3]
      ]
    },

    {
      "difficulty": "hard_6",
      "initialKnivesAngles": [0, 72, 144, 218, 291],
      "knivesCount": 7,
      "rotation": [
        [1.9, 600], 
        [0.3], 
        [0.9, -400],
        [0.2, 0], 
        [0.3]
      ]
    },

    {
      "difficulty": "hard_7",
      "initialKnivesAngles": [0, 90, 180, 270],
      "knivesCount": 10,
      "rotation": [
        [1, 200],
        [1],
        [3, -800],	
        [3, 0],
        [1]
      ]
    },

    {
      "difficulty": "hard_8",
      "initialKnivesAngles": [0, 120, 180, 240],
      "knivesCount": 8,
      "rotation": [
        [0.5, 800],
        [0.5, -270],
        [0.5, 300],	
        [0.5, -400],
        [3, 230]
      ]
    },

    {
      "difficulty": "hard_9",
      "initialKnivesAngles": [0, 10, 20, 180, 190, 200],
      "knivesCount": 12,
      "rotation": [
        [0.3, 300],
        [0.4, -280],
        [0.3, 380],	
        [0.2, -280],
        [3, 400]
      ]
    },

    {
      "difficulty": "hard_10",
      "initialKnivesAngles": [0, 50, 100, 180, 230, 280],
      "knivesCount": 9,
      "rotation": [
        [0.3, 300],
        [0.2, 0],
        [0.3, 300],	
        [0.2, 0],
        [0.3, 300],	
        [0.2, 0],
        [3, -500]
      ]
    }
]